,genome,class
0,2030936005_4,0
1,2049941000_46,1
2,2049941000_57,0
3,2061766007_78,0
4,2061766007_94,0
5,2162886008_2,1
6,2166559024_6,0
7,2199352035_7,1
8,2209111003_4,1
9,2225789004_12,1
10,2225789004_17,0
11,2225789004_9,1
12,2236876025_11,0
13,3300000062_19,1
14,3300000062_20,1
15,3300000062_23,0
16,3300000062_31,0
17,3300000062_40,1
18,3300000062_44,1
19,3300000062_48,0
20,3300000062_59,0
21,3300000089_5,1
22,3300000097_4,1
23,3300000129_8,0
24,3300000145_10,1
25,3300000202_2,1
26,3300000205_13,1
27,3300000205_4,1
28,3300000232_7,1
29,3300000333_4,0
30,3300000352_8,0
31,3300000365_48,0
32,3300000366_35,0
33,3300000383_6,1
34,3300000418_16,0
35,3300000470_4,0
36,3300000477_15,0
37,3300000499_5,0
38,3300000502_5,0
39,3300000504_3,0
40,3300000563_49,0
41,3300000563_58,0
42,3300000563_60,0
43,3300000563_84,0
44,3300000838_7,1
45,3300000839_26,1
46,3300000839_33,1
47,3300000839_34,1
48,3300000839_39,1
49,3300000839_45,1
50,3300000839_49,1
51,3300000839_64,1
52,3300000839_75,1
53,3300000839_88,0
54,3300001096_38,1
55,3300001594_46,0
56,3300001598_33,1
57,3300001598_35,0
58,3300001598_37,1
59,3300001598_42,0
60,3300001598_46,1
61,3300001598_68,0
62,3300001598_69,1
63,3300001598_79,1
64,3300001598_80,0
65,3300001598_83,1
66,3300001598_85,0
67,3300002163_25,0
68,3300002163_39,1
69,3300002163_40,1
70,3300002163_61,1
71,3300002163_68,0
72,3300002164_14,1
73,3300002164_24,1
74,3300002164_26,1
75,3300002164_28,1
76,3300002164_39,1
77,3300002164_59,0
78,3300002164_65,1
79,3300002167_10,1
80,3300002167_18,1
81,3300002167_21,1
82,3300002167_28,1
83,3300002167_29,1
84,3300002167_30,1
85,3300002167_44,1
86,3300002167_48,1
87,3300002167_9,1
88,3300002168_12,1
89,3300002168_25,0
90,3300002168_35,0
91,3300002168_37,1
92,3300002168_57,1
93,3300002168_60,1
94,3300002168_61,1
95,3300002170_19,0
96,3300002170_24,0
97,3300002170_26,1
98,3300002170_34,0
99,3300002170_37,1
100,3300002170_41,0
101,3300002173_14,1
102,3300002173_18,1
103,3300002173_36,1
104,3300002173_46,0
105,3300002173_48,0
106,3300002173_52,1
107,3300002173_61,0
108,3300002174_14,1
109,3300002174_16,1
110,3300002174_19,1
111,3300002174_26,0
112,3300002174_27,1
113,3300002174_34,1
114,3300002174_47,1
115,3300002174_49,0
116,3300002174_51,1
117,3300002174_61,1
118,3300002450_12,1
119,3300002450_8,1
120,3300002462_17,0
121,3300002468_19,1
122,3300002501_4,1
123,3300002504_22,1
124,3300002504_8,0
125,3300002504_9,0
126,3300002508_8,1
127,3300002735_7,1
128,3300002821_17,0
129,3300003113_1,0
130,3300003140_8,1
131,3300003146_19,1
132,3300003146_9,1
133,3300003155_8,0
134,3300003523_20,0
135,3300003523_27,0
136,3300003523_34,0
137,3300003649_3,1
138,3300004628_11,0
139,3300004628_13,0
140,3300004628_14,0
141,3300004628_24,1
142,3300004628_30,0
143,3300004628_33,0
144,3300004628_34,0
145,3300004628_36,1
146,3300004628_44,1
147,3300005062_8,1
148,3300005067_17,0
149,3300005068_14,1
150,3300005078_5,0
151,3300005082_9,1
152,3300005086_19,0
153,3300005278_2,1
154,3300005279_13,0
155,3300005279_3,0
156,3300005281_26,1
157,3300005282_15,1
158,3300005284_14,0
159,3300005287_11,0
160,3300005287_17,0
161,3300005287_27,0
162,3300005298_9,1
163,3300005326_20,1
164,3300005326_48,0
165,3300005407_3,1
166,3300005460_20,1
167,3300005460_35,0
168,3300005460_36,1
169,3300005460_56,1
170,3300005460_61,1
171,3300005460_68,1
172,3300005661_8,1
173,3300005858_8,0
174,3300006045_104,0
175,3300006045_55,1
176,3300006045_57,0
177,3300006045_58,0
178,3300006045_74,1
179,3300006045_77,1
180,3300006192_13,0
181,3300006209_4,0
182,3300006226_110,1
183,3300006226_64,1
184,3300006226_69,0
185,3300006226_71,0
186,3300006226_79,1
187,3300006226_89,1
188,3300006226_96,1
189,3300006239_1,0
190,3300006249_11,0
191,3300006250_15,0
192,3300006250_17,0
193,3300006251_20,0
194,3300006251_5,0
195,3300006253_18,0
196,3300006253_28,0
197,3300006253_4,0
198,3300006256_21,0
199,3300006256_25,0
200,3300006256_8,0
201,3300006257_11,0
202,3300006258_7,1
203,3300006259_10,0
204,3300006259_21,0
205,3300006259_28,0
206,3300006259_29,0
207,3300006259_3,0
208,3300006259_5,0
209,3300006260_18,0
210,3300006260_20,0
211,3300006260_21,0
212,3300006261_7,0
213,3300006262_17,0
214,3300006289_10,0
215,3300006289_14,0
216,3300006289_5,0
217,3300006292_17,0
218,3300006294_6,0
219,3300006296_11,0
220,3300006296_4,1
221,3300006296_9,1
222,3300006298_11,0
223,3300006298_16,0
224,3300006298_5,1
225,3300006298_6,1
226,3300006298_8,1
227,3300006299_6,1
228,3300006312_10,1
229,3300006317_18,0
230,3300006319_14,0
231,3300006319_15,0
232,3300006319_16,0
233,3300006319_23,0
234,3300006319_28,0
235,3300006320_13,0
236,3300006320_16,0
237,3300006320_19,0
238,3300006320_21,0
239,3300006320_27,0
240,3300006321_16,0
241,3300006321_27,0
242,3300006322_16,0
243,3300006456_1,0
244,3300006456_12,0
245,3300006456_9,0
246,3300006458_13,0
247,3300006458_27,0
248,3300006458_31,0
249,3300006459_18,0
250,3300006460_16,0
251,3300006460_21,0
252,3300006460_23,0
253,3300006461_21,0
254,3300006462_9,0
255,3300006463_12,1
256,3300006463_18,1
257,3300006463_24,1
258,3300006463_34,1
259,3300006464_19,1
260,3300006464_29,1
261,3300006464_34,0
262,3300006476_10,1
263,3300006476_11,1
264,3300006476_15,1
265,3300006476_19,1
266,3300006476_21,1
267,3300006477_10,0
268,3300006477_26,0
269,3300006485_2,0
270,3300006496_5,0
271,3300006498_13,0
272,3300006498_6,0
273,3300006499_16,1
274,3300006499_20,0
275,3300006499_23,1
276,3300006499_26,0
277,3300006499_9,1
278,3300006502_10,1
279,3300006502_12,1
280,3300006502_21,0
281,3300006502_8,1
282,3300006510_1,0
283,3300006522_15,0
284,3300006524_13,0
285,3300006524_17,0
286,3300006524_18,0
287,3300006524_23,0
288,3300006525_11,1
289,3300006525_15,1
290,3300006525_18,1
291,3300006525_23,1
292,3300006525_25,0
293,3300006564_14,0
294,3300006564_17,0
295,3300006564_21,0
296,3300006564_28,0
297,3300006564_30,0
298,3300006564_31,0
299,3300006564_40,0
300,3300006566_23,0
301,3300006568_29,1
302,3300006568_38,1
303,3300006568_8,1
304,3300006678_11,0
305,3300006678_18,0
306,3300006678_22,0
307,3300006678_27,0
308,3300006678_9,0
309,3300006723_1,0
310,3300006739_32,0
311,3300006745_4,0
312,3300006746_12,0
313,3300006746_5,1
314,3300006747_11,1
315,3300006747_13,0
316,3300006747_6,1
317,3300006747_9,1
318,3300006748_17,0
319,3300006748_20,0
320,3300006877_1,0
321,3300006879_18,1
322,3300006879_29,1
323,3300006879_31,0
324,3300006879_40,1
325,3300006879_73,0
326,3300006977_1,0
327,3300006980_1,0
328,3300007034_5,0
329,3300007035_4,0
330,3300007043_9,1
331,3300007047_3,0
332,3300007055_2,1
333,3300007055_5,1
334,3300007062_5,1
335,3300007079_12,0
336,3300007079_14,0
337,3300007079_2,0
338,3300007096_8,0
339,3300007098_16,1
340,3300007100_19,0
341,3300007105_10,1
342,3300007105_14,1
343,3300007105_15,1
344,3300007105_20,1
345,3300007105_6,1
346,3300007107_11,0
347,3300007109_11,1
348,3300007109_12,1
349,3300007109_15,1
350,3300007109_22,1
351,3300007109_23,1
352,3300007109_24,0
353,3300007111_14,1
354,3300007111_15,1
355,3300007111_20,1
356,3300007111_26,1
357,3300007111_7,1
358,3300007123_3,0
359,3300007124_16,0
360,3300007124_28,0
361,3300007124_32,0
362,3300007124_7,0
363,3300007125_27,0
364,3300007125_28,0
365,3300007125_30,0
366,3300007126_13,0
367,3300007128_3,0
368,3300007131_3,0
369,3300007135_6,0
370,3300007135_8,0
371,3300007138_3,1
372,3300007138_7,1
373,3300007138_8,1
374,3300007184_16,1
375,3300007184_17,1
376,3300007184_27,1
377,3300007186_14,0
378,3300007186_18,0
379,3300007194_14,0
380,3300007194_15,0
381,3300007194_7,0
382,3300007196_3,0
383,3300007208_15,0
384,3300007208_20,0
385,3300007208_21,0
386,3300007208_22,0
387,3300007208_24,0
388,3300007210_17,1
389,3300007210_20,1
390,3300007210_21,1
391,3300007210_27,1
392,3300007210_30,1
393,3300007210_9,1
394,3300007220_17,0
395,3300007220_26,0
396,3300007220_28,0
397,3300007220_31,0
398,3300007220_6,0
399,3300007222_23,1
400,3300007222_29,1
401,3300007222_30,1
402,3300007222_34,0
403,3300007222_35,1
404,3300007222_40,1
405,3300007222_44,1
406,3300007222_45,1
407,3300007272_18,0
408,3300007272_19,0
409,3300007272_20,0
410,3300007292_10,0
411,3300007294_4,0
412,3300007295_29,0
413,3300007296_13,1
414,3300007296_19,1
415,3300007296_21,1
416,3300007297_13,0
417,3300007297_21,0
418,3300007297_23,0
419,3300007297_31,0
420,3300007299_19,1
421,3300007299_24,1
422,3300007299_25,1
423,3300007299_26,1
424,3300007299_28,1
425,3300007299_5,1
426,3300007303_1,0
427,3300007305_10,1
428,3300007311_1,0
429,3300007311_3,0
430,3300007312_5,1
431,3300007313_8,0
432,3300007314_10,0
433,3300007314_17,0
434,3300007314_19,0
435,3300007314_25,0
436,3300007314_28,0
437,3300007316_15,0
438,3300007316_2,0
439,3300007316_21,0
440,3300007316_3,0
441,3300007316_35,0
442,3300007316_8,0
443,3300007339_8,0
444,3300007348_18,0
445,3300007353_11,1
446,3300007353_12,1
447,3300007353_22,1
448,3300007355_8,0
449,3300007356_13,1
450,3300007356_16,1
451,3300007356_17,1
452,3300007358_19,0
453,3300007358_29,0
454,3300007360_10,1
455,3300007360_11,1
456,3300007360_24,1
457,3300007360_62,0
458,3300007361_11,1
459,3300007361_23,1
460,3300007361_25,1
461,3300007361_39,0
462,3300007361_9,1
463,3300007362_18,1
464,3300007362_22,0
465,3300007368_22,0
466,3300007498_15,1
467,3300007498_21,1
468,3300007500_27,0
469,3300007500_43,0
470,3300007501_17,1
471,3300007501_22,1
472,3300007502_6,0
473,3300007524_10,1
474,3300007524_11,1
475,3300007524_13,0
476,3300007524_18,1
477,3300007524_24,1
478,3300007524_28,1
479,3300007524_32,1
480,3300007524_6,1
481,3300007524_9,1
482,3300007530_8,1
483,3300007531_16,0
484,3300007531_26,0
485,3300007531_27,0
486,3300007531_60,0
487,3300007566_22,0
488,3300007566_27,0
489,3300007638_17,0
490,3300007641_11,1
491,3300007641_29,0
492,3300007646_13,0
493,3300007650_16,1
494,3300007650_20,0
495,3300007654_21,0
496,3300007657_11,1
497,3300007657_18,0
498,3300007657_25,1
499,3300007664_24,1
500,3300007664_26,0
501,3300007669_23,1
502,3300007669_8,1
503,3300007669_9,1
504,3300007705_12,1
505,3300007711_3,0
506,3300007713_6,0
507,3300007714_17,1
508,3300007717_11,1
509,3300007717_13,0
510,3300007717_9,1
511,3300007724_12,0
512,3300007724_14,0
513,3300007728_15,0
514,3300007728_17,0
515,3300007742_15,1
516,3300007742_9,1
517,3300007745_2,0
518,3300007782_6,0
519,3300007783_10,0
520,3300007783_15,0
521,3300007786_2,0
522,3300007787_5,0
523,3300007793_16,1
524,3300007793_20,1
525,3300007793_22,1
526,3300007793_28,1
527,3300007796_10,1
528,3300007796_12,1
529,3300007796_13,1
530,3300007796_15,1
531,3300007796_16,1
532,3300007796_17,1
533,3300007796_24,1
534,3300007796_26,1
535,3300007796_28,1
536,3300007798_8,1
537,3300007800_7,0
538,3300007801_6,1
539,3300007802_14,1
540,3300007802_18,1
541,3300007802_22,0
542,3300007802_23,0
543,3300007802_42,0
544,3300007802_7,1
545,3300007803_15,0
546,3300007803_4,0
547,3300007803_7,0
548,3300007803_9,0
549,3300007804_14,1
550,3300007804_7,1
551,3300007805_11,1
552,3300007805_5,1
553,3300007805_6,1
554,3300007805_9,1
555,3300007825_6,0
556,3300007838_1,0
557,3300007853_13,1
558,3300007854_2,0
559,3300007865_1,0
560,3300007870_2,0
561,3300007915_3,0
562,3300007916_1,0
563,3300007921_15,0
564,3300007921_20,1
565,3300007921_21,1
566,3300007924_13,0
567,3300007924_18,0
568,3300007924_20,0
569,3300007924_23,0
570,3300007924_4,0
571,3300007926_5,0
572,3300007932_5,0
573,3300007937_1,0
574,3300007942_2,0
575,3300007943_5,0
576,3300007952_4,0
577,3300007966_19,0
578,3300007966_25,0
579,3300007966_29,0
580,3300007966_9,0
581,3300007971_4,0
582,3300007976_19,0
583,3300007976_20,0
584,3300007976_34,0
585,3300007977_17,0
586,3300007977_19,0
587,3300007977_21,0
588,3300007977_23,0
589,3300007978_20,0
590,3300007978_7,0
591,3300007979_12,0
592,3300007979_16,0
593,3300007979_2,0
594,3300007979_23,0
595,3300007979_24,0
596,3300007979_3,0
597,3300007980_6,0
598,3300007991_12,1
599,3300007991_24,1
600,3300007991_25,1
601,3300007991_27,1
602,3300007991_28,1
603,3300007991_31,1
604,3300007991_35,0
605,3300007991_8,1
606,3300007994_6,0
607,3300007995_3,0
608,3300007996_24,0
609,3300007996_31,0
610,3300007996_9,0
611,3300007997_14,0
612,3300008058_11,1
613,3300008058_15,1
614,3300008058_19,1
615,3300008058_21,1
616,3300008058_22,0
617,3300008060_9,1
618,3300008061_4,0
619,3300008063_10,1
620,3300008063_18,1
621,3300008063_24,0
622,3300008063_28,1
623,3300008063_29,1
624,3300008074_3,0
625,3300008075_5,0
626,3300008077_23,1
627,3300008077_32,0
628,3300008077_8,1
629,3300008080_11,0
630,3300008080_27,0
631,3300008080_34,0
632,3300008081_12,1
633,3300008081_15,1
634,3300008081_16,1
635,3300008081_18,1
636,3300008083_11,0
637,3300008089_20,0
638,3300008090_15,0
639,3300008090_3,0
640,3300008096_18,1
641,3300008096_32,1
642,3300008096_38,1
643,3300008096_40,1
644,3300008096_43,1
645,3300008096_50,1
646,3300008099_14,0
647,3300008100_16,0
648,3300008100_17,0
649,3300008101_19,1
650,3300008101_23,1
651,3300008101_27,1
652,3300008101_29,1
653,3300008101_41,1
654,3300008102_9,0
655,3300008103_23,1
656,3300008103_25,0
657,3300008103_28,1
658,3300008123_15,0
659,3300008123_16,0
660,3300008123_29,0
661,3300008128_2,0
662,3300008128_6,0
663,3300008129_11,1
664,3300008130_23,0
665,3300008130_28,0
666,3300008132_17,1
667,3300008132_18,1
668,3300008132_20,1
669,3300008132_26,1
670,3300008132_37,0
671,3300008133_15,0
672,3300008134_15,0
673,3300008136_20,0
674,3300008136_32,0
675,3300008136_34,0
676,3300008138_10,0
677,3300008138_18,0
678,3300008141_8,0
679,3300008143_12,0
680,3300008143_20,0
681,3300008147_8,0
682,3300008148_14,0
683,3300008150_33,0
684,3300008153_18,0
685,3300008154_14,0
686,3300008154_28,0
687,3300008155_22,0
688,3300008160_11,0
689,3300008260_14,1
690,3300008260_23,1
691,3300008260_6,1
692,3300008268_11,1
693,3300008268_14,1
694,3300008268_24,1
695,3300008268_28,0
696,3300008268_32,1
697,3300008268_37,1
698,3300008268_41,1
699,3300008268_43,1
700,3300008268_45,0
701,3300008269_19,0
702,3300008269_21,0
703,3300008269_27,0
704,3300008269_28,0
705,3300008271_26,0
706,3300008272_15,1
707,3300008272_16,1
708,3300008272_21,1
709,3300008272_27,1
710,3300008272_31,1
711,3300008272_32,0
712,3300008272_33,1
713,3300008273_35,0
714,3300008275_15,0
715,3300008275_22,0
716,3300008275_23,0
717,3300008278_10,0
718,3300008278_5,0
719,3300008280_7,0
720,3300008282_19,1
721,3300008483_14,0
722,3300008489_11,0
723,3300008491_12,1
724,3300008493_19,0
725,3300008493_4,0
726,3300008499_9,1
727,3300008503_16,0
728,3300008505_4,0
729,3300008514_17,0
730,3300008514_26,0
731,3300008514_4,0
732,3300008520_12,1
733,3300008520_23,1
734,3300008520_24,1
735,3300008520_28,1
736,3300008520_30,1
737,3300008520_51,0
738,3300008522_16,0
739,3300008522_4,0
740,3300008537_17,0
741,3300008537_23,0
742,3300008537_41,0
743,3300008537_7,0
744,3300008541_14,0
745,3300008547_19,1
746,3300008547_8,1
747,3300008551_12,1
748,3300008551_13,1
749,3300008551_16,1
750,3300008551_17,1
751,3300008551_23,1
752,3300008556_13,0
753,3300008556_14,0
754,3300008556_9,0
755,3300008565_16,0
756,3300008571_14,1
757,3300008571_15,1
758,3300008571_24,1
759,3300008571_41,0
760,3300008575_11,0
761,3300008575_18,0
762,3300008575_20,0
763,3300008575_28,0
764,3300008575_37,0
765,3300008581_4,0
766,3300008585_8,1
767,3300008589_13,0
768,3300008589_2,0
769,3300008589_3,0
770,3300008599_11,1
771,3300008599_14,1
772,3300008599_18,1
773,3300008599_20,0
774,3300008599_25,1
775,3300008599_26,1
776,3300008607_3,0
777,3300008619_4,1
778,3300008620_14,1
779,3300008620_16,0
780,3300008622_12,1
781,3300008622_21,1
782,3300008622_23,1
783,3300008622_28,0
784,3300008622_32,0
785,3300008622_7,1
786,3300008626_13,0
787,3300008630_5,0
788,3300008634_14,0
789,3300008636_17,0
790,3300008636_2,0
791,3300008636_21,0
792,3300008636_23,0
793,3300008636_9,0
794,3300008638_13,0
795,3300008638_26,0
796,3300008638_5,0
797,3300008640_17,1
798,3300008640_22,1
799,3300008640_27,1
800,3300008640_30,1
801,3300008640_4,1
802,3300008640_41,0
803,3300008640_8,1
804,3300008643_3,0
805,3300008645_11,0
806,3300008645_17,0
807,3300008650_12,0
808,3300008650_16,0
809,3300008650_8,0
810,3300008660_4,0
811,3300008660_9,0
812,3300008664_20,0
813,3300008664_39,0
814,3300008664_47,0
815,3300008668_4,0
816,3300008668_5,0
817,3300008672_10,1
818,3300008672_16,1
819,3300008672_17,1
820,3300008672_25,1
821,3300008672_30,1
822,3300008672_33,1
823,3300008676_14,0
824,3300008676_17,1
825,3300008682_12,0
826,3300008700_10,0
827,3300008700_14,0
828,3300008705_10,1
829,3300008705_11,1
830,3300008709_6,0
831,3300008716_7,1
832,3300008717_11,0
833,3300008717_25,0
834,3300008722_10,1
835,3300008722_7,1
836,3300008730_3,0
837,3300008734_13,0
838,3300008734_31,0
839,3300008734_44,0
840,3300008734_50,0
841,3300008737_4,1
842,3300008739_21,0
843,3300008739_24,0
844,3300008739_8,0
845,3300008744_12,1
846,3300008744_14,1
847,3300008744_16,1
848,3300008744_17,1
849,3300008744_25,0
850,3300008746_15,0
851,3300008748_17,0
852,3300008750_10,1
853,3300008754_6,0
854,3300008756_12,0
855,3300008756_8,0
856,3300009095_123,1
857,3300009095_153,1
858,3300009343_10,1
859,3300009343_5,1
860,3300009343_7,0
861,3300009503_132,1
862,3300009704_29,1
863,3300009770_49,1
864,3300009772_34,1
865,3300009773_35,0
866,3300009773_83,0
867,3300009779_43,1
868,3300009779_55,1
869,3300009779_56,0
870,3300009779_61,1
871,3300009826_39,0
872,3300009826_49,1
873,3300009826_74,1
874,3300010049_38,1
875,3300010049_48,1
876,3300010049_56,0
877,3300010049_58,1
878,3300010049_85,1
879,3300010162_118,1
880,3300010162_32,1
881,3300010162_43,1
882,3300010162_58,1
883,3300010162_64,0
884,3300010167_118,0
885,3300010167_130,1
886,3300010167_145,0
887,3300010167_146,1
888,3300010167_68,1
889,3300010167_76,0
890,3300010167_89,0
891,3300010259_10,0
892,3300010259_13,0
893,3300010259_9,1
894,3300010260_12,1
895,3300010260_16,0
896,3300010260_22,0
897,3300010260_23,1
898,3300010260_8,1
899,3300010261_13,0
900,3300010261_19,0
901,3300010261_2,1
902,3300010261_9,1
903,3300010262_11,1
904,3300010262_12,1
905,3300010262_15,1
906,3300010262_19,1
907,3300010262_3,1
908,3300010262_41,0
909,3300010263_10,1
910,3300010263_11,1
911,3300010263_15,1
912,3300010263_17,1
913,3300010263_18,1
914,3300010263_21,1
915,3300010263_4,1
916,3300010263_41,0
917,3300010265_11,1
918,3300010265_17,1
919,3300010265_22,1
920,3300010265_26,1
921,3300010265_27,1
922,3300010265_32,1
923,3300010265_39,1
924,3300010265_5,1
925,3300010265_6,1
926,3300010265_8,1
927,3300010266_10,0
928,3300010266_14,1
929,3300010266_25,1
930,3300010266_26,1
931,3300010266_8,1
932,3300010266_9,0
933,3300010267_15,1
934,3300010267_18,1
935,3300010267_20,1
936,3300010267_27,1
937,3300010267_31,1
938,3300010268_19,1
939,3300010268_29,1
940,3300010268_34,1
941,3300010268_9,1
942,3300010269_11,1
943,3300010269_12,1
944,3300010269_13,1
945,3300010269_15,1
946,3300010269_18,1
947,3300010269_21,1
948,3300010269_22,1
949,3300010269_23,1
950,3300010269_28,1
951,3300010269_32,1
952,3300010269_40,1
953,3300010269_5,1
954,3300010269_6,1
955,3300010270_17,0
956,3300010270_23,1
957,3300010270_28,0
958,3300010270_36,0
959,3300010270_44,0
960,3300010270_45,0
961,3300010271_13,1
962,3300010271_14,1
963,3300010271_19,1
964,3300010273_15,1
965,3300010273_20,1
966,3300010273_22,1
967,3300010273_23,1
968,3300010273_24,0
969,3300010273_27,1
970,3300010273_36,1
971,3300010273_39,1
972,3300010273_8,1
973,3300010274_24,1
974,3300010274_27,1
975,3300010274_29,1
976,3300010274_35,1
977,3300010274_36,1
978,3300010274_37,1
979,3300010274_8,1
980,3300010275_100,0
981,3300010275_19,1
982,3300010275_35,1
983,3300010275_40,0
984,3300010275_41,1
985,3300010275_49,0
986,3300010275_7,1
987,3300010276_17,1
988,3300010276_19,1
989,3300010276_24,1
990,3300010276_25,1
991,3300010276_33,1
992,3300010276_9,1
993,3300010277_15,1
994,3300010277_21,1
995,3300010277_27,0
996,3300010277_32,1
997,3300010277_36,1
998,3300010277_7,1
999,3300010278_12,1
1000,3300010278_19,1
1001,3300010278_20,1
1002,3300010278_21,0
1003,3300010278_23,1
1004,3300010278_24,1
1005,3300010278_26,1
1006,3300010278_33,1
1007,3300010279_12,1
1008,3300010279_14,1
1009,3300010279_18,1
1010,3300010279_19,1
1011,3300010279_3,1
1012,3300010279_30,0
1013,3300010279_31,0
1014,3300010279_41,0
1015,3300010280_17,1
1016,3300010280_2,1
1017,3300010280_23,0
1018,3300010280_27,1
1019,3300010280_31,1
1020,3300010280_33,1
1021,3300010280_40,1
1022,3300010280_41,0
1023,3300010280_42,1
1024,3300010280_43,1
1025,3300010280_45,1
1026,3300010281_11,1
1027,3300010281_13,1
1028,3300010281_19,1
1029,3300010281_22,1
1030,3300010282_18,1
1031,3300010282_21,1
1032,3300010282_24,1
1033,3300010282_25,0
1034,3300010282_28,0
1035,3300010282_29,0
1036,3300010282_33,0
1037,3300010282_34,1
1038,3300010282_41,0
1039,3300010282_53,0
1040,3300010282_59,0
1041,3300010283_10,1
1042,3300010283_16,1
1043,3300010283_18,0
1044,3300010283_23,1
1045,3300010283_25,1
1046,3300010283_34,0
1047,3300010285_15,1
1048,3300010285_20,1
1049,3300010285_21,1
1050,3300010285_24,1
1051,3300010285_28,1
1052,3300010285_31,1
1053,3300010285_33,1
1054,3300010285_34,1
1055,3300010285_40,1
1056,3300010285_7,1
1057,3300010286_17,1
1058,3300010286_19,1
1059,3300010286_24,1
1060,3300010286_25,1
1061,3300010286_28,1
1062,3300010286_32,1
1063,3300010286_36,1
1064,3300010286_37,1
1065,3300010286_7,1
1066,3300010286_9,1
1067,3300010287_12,1
1068,3300010287_15,1
1069,3300010287_19,1
1070,3300010287_24,1
1071,3300010287_35,1
1072,3300010287_40,1
1073,3300010287_42,1
1074,3300010287_56,1
1075,3300010428_19,1
1076,3300010428_22,1
1077,3300010428_30,1
1078,3300010428_31,1
1079,3300010428_32,1
1080,3300010428_8,1
1081,3300010882_37,1
1082,3300010998_39,1
1083,3300010998_42,0
1084,3300010998_61,1
1085,3300011002_18,1
1086,3300011006_13,1
1087,3300011006_14,1
1088,3300011145_4,0
1089,3300011157_3,1
1090,3300011157_5,1
1091,3300011163_1,1
1092,3300011165_1,1
1093,3300011187_14,0
1094,3300011187_46,1
1095,3300011189_10,0
1096,3300011189_18,0
1097,3300011209_4,1
1098,3300011210_3,1
1099,3300011212_5,1
1100,3300011213_2,1
1101,3300011215_8,0
1102,3300011228_6,0
1103,3300011230_5,1
1104,3300011232_8,1
1105,3300011233_5,0
1106,3300011234_2,1
1107,3300011234_7,0
1108,3300011238_5,1
1109,3300011242_7,1
1110,3300011356_2,0
1111,3300011356_3,1
1112,3300011358_2,0
1113,3300011360_5,0
1114,3300011382_3,0
1115,3300011383_1,1
1116,3300011389_3,0
1117,3300011401_4,0
1118,3300011404_8,0
1119,3300011462_2,1
1120,3300011477_4,0
1121,3300011497_2,1
1122,3300011504_2,1
1123,3300011511_6,0
1124,3300011543_2,1
1125,3300011558_3,0
1126,3300011560_4,1
1127,3300011560_5,0
1128,3300011562_3,1
1129,3300011570_5,0
1130,3300011576_2,1
1131,3300011584_4,0
1132,3300011615_3,1
1133,3300011616_1,1
1134,3300011639_4,1
1135,3300011641_7,0
1136,3300011670_5,0
1137,3300011681_3,0
1138,3300011682_3,0
1139,3300011683_2,0
1140,3300011694_3,0
1141,3300011696_5,0
1142,3300011701_4,0
1143,3300011701_6,0
1144,3300011707_4,0
1145,3300011712_7,0
1146,3300011713_2,1
1147,3300011713_4,1
1148,3300011714_4,0
1149,3300011715_5,0
1150,3300011721_2,1
1151,3300011725_1,1
1152,3300011729_2,1
1153,3300011743_4,0
1154,3300011747_3,1
1155,3300011749_4,0
1156,3300011749_5,0
1157,3300011752_3,0
1158,3300011762_2,1
1159,3300011767_4,1
1160,3300011772_1,1
1161,3300011772_4,0
1162,3300011776_4,1
1163,3300011788_1,1
1164,3300011794_3,0
1165,3300011805_4,0
1166,3300011808_1,1
1167,3300011813_3,1
1168,3300011817_4,1
1169,3300011819_2,0
1170,3300011825_7,1
1171,3300011832_1,1
1172,3300011840_5,0
1173,3300011841_2,1
1174,3300011851_8,1
1175,3300011851_9,1
1176,3300011854_2,0
1177,3300011865_3,1
1178,3300011867_6,0
1179,3300011870_5,1
1180,3300011871_5,1
1181,3300011876_9,0
1182,3300011880_4,0
1183,3300011885_3,1
1184,3300011888_5,1
1185,3300011888_6,0
1186,3300011893_4,0
1187,3300011903_2,1
1188,3300011904_3,1
1189,3300011904_5,1
1190,3300011907_5,1
1191,3300011914_3,0
1192,3300011914_5,0
1193,3300011922_7,0
1194,3300011926_4,1
1195,3300011936_14,0
1196,3300011939_5,0
1197,3300011957_4,0
1198,3300011966_4,1
1199,3300011972_30,0
1200,3300011976_16,0
1201,3300011976_23,0
1202,3300011976_24,0
1203,3300011976_34,0
1204,3300011976_38,0
1205,3300011977_10,0
1206,3300011977_14,0
1207,3300011977_16,0
1208,3300011977_31,0
1209,3300011978_12,0
1210,3300011979_11,0
1211,3300011979_24,0
1212,3300011979_4,0
1213,3300011980_17,0
1214,3300011981_15,0
1215,3300011981_37,0
1216,3300011981_4,0
1217,3300011985_32,0
1218,3300011986_18,0
1219,3300011988_36,0
1220,3300011989_18,0
1221,3300011989_20,0
1222,3300011989_25,1
1223,3300011989_31,0
1224,3300011989_37,0
1225,3300011989_43,0
1226,3300012007_27,0
1227,3300012065_3,1
1228,3300012065_9,1
1229,3300012078_10,1
1230,3300012078_11,1
1231,3300012079_26,0
1232,3300012080_11,1
1233,3300012081_5,1
1234,3300012082_9,1
1235,3300012083_8,1
1236,3300012085_9,1
1237,3300012086_4,1
1238,3300012086_6,0
1239,3300012087_4,0
1240,3300012088_5,1
1241,3300012089_12,1
1242,3300012089_8,1
1243,3300012089_9,1
1244,3300012120_6,1
1245,3300012126_6,1
1246,3300012136_2,0
1247,3300012136_4,0
1248,3300012138_4,1
1249,3300012144_12,1
1250,3300012149_7,1
1251,3300012149_8,0
1252,3300012153_10,0
1253,3300012155_29,0
1254,3300012155_6,1
1255,3300012156_10,1
1256,3300012156_14,1
1257,3300012158_5,1
1258,3300012158_6,1
1259,3300012158_7,1
1260,3300012162_3,1
1261,3300012165_10,1
1262,3300012170_15,0
1263,3300012178_18,0
1264,3300012178_26,0
1265,3300012180_11,0
1266,3300012181_3,1
1267,3300012181_4,1
1268,3300012181_6,0
1269,3300012252_3,1
1270,3300012252_7,0
1271,3300012277_2,1
1272,3300012283_5,0
1273,3300012521_13,1
1274,3300012521_19,1
1275,3300012521_27,1
1276,3300012521_35,1
1277,3300012521_61,0
1278,3300012533_89,0
1279,3300012677_18,0
1280,3300012808_2,1
1281,3300012813_5,1
1282,3300012834_2,1
1283,3300012837_8,1
1284,3300012886_15,1
1285,3300012886_16,0
1286,3300012886_21,0
1287,3300012886_22,0
1288,3300012886_23,0
1289,3300012886_30,0
1290,3300012886_34,0
1291,3300012886_37,0
1292,3300012889_15,0
1293,3300012889_17,0
1294,3300012889_19,0
1295,3300012889_25,0
1296,3300012889_29,1
1297,3300012889_31,0
1298,3300012889_59,0
1299,3300012943_31,1
1300,3300012979_29,1
1301,3300013017_3,0
1302,3300013017_4,0
1303,3300013018_2,0
1304,3300013018_4,0
1305,3300013021_6,1
1306,3300013023_11,0
1307,3300013025_17,0
1308,3300013102_25,1
1309,3300013122_46,0
1310,3300013136_114,0
1311,3300013138_93,0
1312,3300013283_4,1
1313,3300013347_1,1
1314,3300013347_4,0
1315,3300013347_5,0
1316,3300013382_8,1
1317,3300013414_24,0
1318,3300013495_3,0
1319,3300013497_3,1
1320,3300013497_5,0
1321,3300013497_7,0
1322,3300013693_5,0
1323,3300013703_3,1
1324,3300013732_2,0
1325,3300013749_19,0
1326,3300013751_17,0
1327,3300013753_23,0
1328,3300013830_20,0
1329,3300013830_22,0
1330,3300013830_23,1
1331,3300013830_24,0
1332,3300013851_3,1
1333,3300013879_2,0
1334,3300013883_2,1
1335,3300013884_2,1
1336,3300013884_3,1
1337,3300013885_2,1
1338,3300013901_11,1
1339,3300013901_5,1
1340,3300013925_3,1
1341,3300013935_5,0
1342,3300013947_3,1
1343,3300013987_2,0
1344,3300014009_3,0
1345,3300014011_1,1
1346,3300014025_16,0
1347,3300014025_24,0
1348,3300014025_28,0
1349,3300014039_10,1
1350,3300014039_24,0
1351,3300014039_25,1
1352,3300014048_7,0
1353,3300014055_7,0
1354,3300014066_2,0
1355,3300014070_6,0
1356,3300014073_5,1
1357,3300014091_4,1
1358,3300014203_35,1
1359,3300014203_63,0
1360,3300014203_66,1
1361,3300014206_65,1
1362,3300014206_82,0
1363,3300014208_46,0
1364,3300014287_4,0
1365,3300014505_1,0
1366,3300014515_5,0
1367,3300014516_7,0
1368,3300014519_3,1
1369,3300014520_10,0
1370,3300014523_3,1
1371,3300014523_6,1
1372,3300014523_8,0
1373,3300014526_3,1
1374,3300014527_5,0
1375,3300014528_6,1
1376,3300014529_10,1
1377,3300014529_7,0
1378,3300014530_10,0
1379,3300014531_10,1
1380,3300014531_11,1
1381,3300014531_14,1
1382,3300014532_7,0
1383,3300014535_10,1
1384,3300014535_11,1
1385,3300014557_12,1
1386,3300014557_13,1
1387,3300014564_10,1
1388,3300014564_14,1
1389,3300014565_12,1
1390,3300014565_13,1
1391,3300014583_1,1
1392,3300014583_3,0
1393,3300014588_3,0
1394,3300014600_2,1
1395,3300014605_3,1
1396,3300014635_2,0
1397,3300014650_4,0
1398,3300014653_3,0
1399,3300014701_5,0
1400,3300014713_7,0
1401,3300014737_6,0
1402,3300014747_5,0
1403,3300014749_6,0
1404,3300014750_2,1
1405,3300014755_12,0
1406,3300014771_12,1
1407,3300014771_7,1
1408,3300014831_13,0
1409,3300014831_14,1
1410,3300014912_3,1
1411,3300014916_1,1
1412,3300014916_12,0
1413,3300014916_2,1
1414,3300014916_3,1
1415,3300014916_5,1
1416,3300014916_6,1
1417,3300014921_5,1
1418,3300014921_7,0
1419,3300014922_3,1
1420,3300014927_11,1
1421,3300014927_9,1
1422,3300014931_3,1
1423,3300014935_8,1
1424,3300014936_6,1
1425,3300014940_7,1
1426,3300014946_6,1
1427,3300014946_9,1
1428,3300014947_10,1
1429,3300014947_11,1
1430,3300014947_13,1
1431,3300014947_7,1
1432,3300014950_12,1
1433,3300014951_10,1
1434,3300014951_12,1
1435,3300014951_15,1
1436,3300014951_19,1
1437,3300014954_14,1
1438,3300014954_20,1
1439,3300014954_8,1
1440,3300014955_15,0
1441,3300014961_11,1
1442,3300014961_14,1
1443,3300014963_32,1
1444,3300014963_34,1
1445,3300014963_39,1
1446,3300014963_40,1
1447,3300014963_47,1
1448,3300014963_54,1
1449,3300014963_58,0
1450,3300014970_5,1
1451,3300014972_3,1
1452,3300014972_7,0
1453,3300015056_5,0
1454,3300015207_16,1
1455,3300015207_27,1
1456,3300015214_101,0
1457,3300015214_144,0
1458,3300015214_162,0
1459,3300015214_48,1
1460,3300015214_71,1
1461,3300015214_97,1
1462,3300017394_1,0
1463,3300017401_8,0
1464,3300017426_23,0
1465,3300017426_26,0
1466,3300017494_22,0
1467,3300017646_10,1
1468,3300017653_9,1
1469,3300017655_14,1
1470,3300017658_18,1
1471,3300017658_23,1
1472,3300017688_6,1
1473,3300017960_29,1
1474,3300018405_11,0
1475,3300018411_16,0
1476,3300018411_23,0
1477,3300018411_5,1
1478,3300018427_66,0
1479,3300018427_68,0
1480,3300018427_71,0
1481,3300018430_57,1
1482,3300018430_67,0
1483,3300018430_71,1
1484,3300018430_72,0
1485,3300018430_90,1
1486,3300018430_99,1
1487,3300018475_114,1
1488,3300018475_120,1
1489,3300018475_121,1
1490,3300018475_137,1
1491,3300018475_144,1
1492,3300018475_146,1
1493,3300018475_147,1
1494,3300018475_149,1
1495,3300018475_150,1
1496,3300018475_152,1
1497,3300018475_154,0
1498,3300018475_156,0
1499,3300018475_165,1
1500,3300018475_168,1
1501,3300018475_187,1
1502,3300018475_205,1
1503,3300018475_74,1
1504,3300018719_7,1
1505,3300018875_3,1
1506,3300018878_106,1
1507,3300018878_115,1
1508,3300018878_118,1
1509,3300018878_126,1
1510,3300018878_133,1
1511,3300018878_141,1
1512,3300018878_143,1
1513,3300018878_144,1
1514,3300018878_160,1
1515,3300018878_163,1
1516,3300018878_169,1
1517,3300018878_173,1
1518,3300018878_176,1
1519,3300018878_177,1
1520,3300018878_178,0
1521,3300018878_179,0
1522,3300018878_192,1
1523,3300018878_195,1
1524,3300018878_197,1
1525,3300018878_78,1
1526,3300018931_6,1
1527,3300018933_10,1
1528,3300018933_12,1
1529,3300019132_5,1
1530,3300019371_10,0
1531,3300019371_14,1
1532,3300019371_15,0
1533,3300019372_4,1
1534,3300019373_16,0
1535,3300019373_18,1
1536,3300019373_29,0
1537,3300019374_16,0
1538,3300019374_17,0
1539,3300019374_26,0
1540,3300019374_9,1
1541,3300019375_10,0
1542,3300019375_4,1
1543,3300019376_18,1
1544,3300019376_24,1
1545,3300019376_27,0
1546,3300019376_36,1
1547,3300019376_40,0
1548,3300019750_1,0
1549,3300020079_27,1
1550,3300020079_31,0
1551,3300020083_51,0
1552,3300020084_64,0
1553,3300020139_37,1
1554,3300020221_46,0
1555,3300021254_45,0
1556,3300021254_46,0
1557,3300021254_60,0
1558,3300021254_71,0
1559,3300021254_78,1
1560,3300021255_100,0
1561,3300021255_42,1
1562,3300021255_44,0
1563,3300021255_54,1
1564,3300021255_55,1
1565,3300021255_88,0
1566,3300021255_95,0
1567,3300021255_96,1
1568,3300021256_48,0
1569,3300021256_51,0
1570,3300021256_54,0
1571,3300021256_56,1
1572,3300021285_11,0
1573,3300021295_4,0
1574,3300021295_5,0
1575,3300021300_5,0
1576,3300021301_4,0
1577,3300021301_5,0
1578,3300021306_14,0
1579,3300021306_19,1
1580,3300021306_20,0
1581,3300021306_27,0
1582,3300021306_39,1
1583,3300021310_15,1
1584,3300021310_18,0
1585,3300021310_20,0
1586,3300021310_22,1
1587,3300021310_9,1
1588,3300021311_16,1
1589,3300021318_22,0
1590,3300021318_30,0
1591,3300021318_31,1
1592,3300021318_34,0
1593,3300021319_7,1
1594,3300021326_34,1
1595,3300021326_35,1
1596,3300021326_38,0
1597,3300021326_42,0
1598,3300021387_110,0
1599,3300021387_111,0
1600,3300021387_124,1
1601,3300021387_133,0
1602,3300021387_69,1
1603,3300021387_70,0
1604,3300021387_76,0
1605,3300021399_38,0
1606,3300021399_48,0
1607,3300021399_55,0
1608,3300021399_57,0
1609,3300021400_103,0
1610,3300021400_104,0
1611,3300021400_106,0
1612,3300021400_107,0
1613,3300021400_116,0
1614,3300021400_144,0
1615,3300021400_61,0
1616,3300021400_63,0
1617,3300021400_66,0
1618,3300021400_76,0
1619,3300021400_82,0
1620,3300021400_89,0
1621,3300021400_94,1
1622,3300021426_108,0
1623,3300021426_35,0
1624,3300021426_41,0
1625,3300021426_60,1
1626,3300021426_62,0
1627,3300021426_66,0
1628,3300021426_71,1
1629,3300021426_73,0
1630,3300021426_75,1
1631,3300021431_50,1
1632,3300021540_2,1
1633,3300021541_2,1
1634,3300021843_32,1
1635,3300021843_49,1
1636,3300022135_6,0
1637,3300022135_7,0
1638,3300022137_11,0
1639,3300022143_6,0
1640,3300022146_7,0
1641,3300022177_22,1
1642,3300022181_34,0
1643,3300022181_39,0
1644,3300022181_62,1
1645,3300022401_6,0
1646,3300022660_124,1
1647,3300022660_137,1
1648,3300022660_143,1
1649,3300022660_152,1
1650,3300022660_169,0
1651,3300022660_55,1
1652,3300022660_65,1
1653,3300022660_77,1
1654,3300022660_86,1
1655,3300022660_87,1
1656,3300022660_96,1
1657,3300022661_102,0
1658,3300022661_108,1
1659,3300022661_119,1
1660,3300022661_137,1
1661,3300022661_142,1
1662,3300022661_143,1
1663,3300022661_144,1
1664,3300022661_60,1
1665,3300022661_71,1
1666,3300022661_86,1
1667,3300022661_87,0
1668,3300022661_95,1
1669,3300022738_2,1
1670,3300022753_101,1
1671,3300022753_104,1
1672,3300022753_105,1
1673,3300022753_109,1
1674,3300022753_110,1
1675,3300022753_119,1
1676,3300022753_128,1
1677,3300022753_135,1
1678,3300022753_140,1
1679,3300022753_148,1
1680,3300022753_56,1
1681,3300022753_85,1
1682,3300022753_89,1
1683,3300022858_5,0
1684,3300022895_8,1
1685,3300023034_2,1
1686,3300023039_3,1
1687,3300023055_10,1
1688,3300023060_1,1
1689,3300023065_6,1
1690,3300023435_6,0
1691,3300024259_32,0
1692,3300024305_3,0
1693,3300025080_4,0
1694,3300025105_42,1
1695,3300025224_2,1
1696,3300025273_7,1
1697,3300025393_26,0
1698,3300025393_3,1
1699,3300025393_33,0
1700,3300025408_8,1
1701,3300025471_14,1
1702,3300025471_28,1
1703,3300025471_29,0
1704,3300025471_33,1
1705,3300025471_43,0
1706,3300025486_2,1
1707,3300025489_2,1
1708,3300025489_4,0
1709,3300025490_2,1
1710,3300025491_3,1
1711,3300025503_8,1
1712,3300025510_6,1
1713,3300025512_5,1
1714,3300025514_8,1
1715,3300025514_9,1
1716,3300025516_15,1
1717,3300025517_12,1
1718,3300025517_13,1
1719,3300025517_9,1
1720,3300025518_12,1
1721,3300025518_6,1
1722,3300025519_3,1
1723,3300025520_17,0
1724,3300025528_16,1
1725,3300025528_21,1
1726,3300025529_10,1
1727,3300025529_13,1
1728,3300025529_27,1
1729,3300025529_3,1
1730,3300025529_8,1
1731,3300025530_12,1
1732,3300025530_15,1
1733,3300025530_21,1
1734,3300025530_22,1
1735,3300025530_29,1
1736,3300025530_5,1
1737,3300025530_9,1
1738,3300025534_12,1
1739,3300025534_24,1
1740,3300025541_9,0
1741,3300025575_15,0
1742,3300025575_23,0
1743,3300025587_11,0
1744,3300025587_13,1
1745,3300025587_14,1
1746,3300025587_15,1
1747,3300025587_16,1
1748,3300025587_22,1
1749,3300025587_27,0
1750,3300025589_25,1
1751,3300025589_32,1
1752,3300025600_12,1
1753,3300025605_34,1
1754,3300025605_35,1
1755,3300025609_13,1
1756,3300025609_17,1
1757,3300025609_21,1
1758,3300025609_27,1
1759,3300025609_33,0
1760,3300025609_43,1
1761,3300025611_14,1
1762,3300025618_18,1
1763,3300025618_20,1
1764,3300025618_25,1
1765,3300025618_26,1
1766,3300025618_32,1
1767,3300025618_34,1
1768,3300025618_42,1
1769,3300025618_46,1
1770,3300025629_51,1
1771,3300025631_19,1
1772,3300025631_26,1
1773,3300025631_30,1
1774,3300025657_18,1
1775,3300025657_36,1
1776,3300025657_43,1
1777,3300025657_44,1
1778,3300025657_51,1
1779,3300025669_23,0
1780,3300025677_40,0
1781,3300025678_33,1
1782,3300025678_35,1
1783,3300025683_22,1
1784,3300025683_28,1
1785,3300025683_31,1
1786,3300025683_32,1
1787,3300025683_33,1
1788,3300025689_62,1
1789,3300025702_19,0
1790,3300025702_38,0
1791,3300025713_22,1
1792,3300025713_47,0
1793,3300025713_85,0
1794,3300025713_94,0
1795,3300025720_40,0
1796,3300025720_54,0
1797,3300025721_4,1
1798,3300025724_40,0
1799,3300025737_51,0
1800,3300025737_89,0
1801,3300025738_51,0
1802,3300025748_24,1
1803,3300025748_62,0
1804,3300025762_43,0
1805,3300025775_26,0
1806,3300025846_18,0
1807,3300025847_27,0
1808,3300025847_36,1
1809,3300025847_61,0
1810,3300025855_74,0
1811,3300025855_91,0
1812,3300025856_64,0
1813,3300025858_24,1
1814,3300025871_67,0
1815,3300026156_20,0
1816,3300026157_20,0
1817,3300026167_28,0
1818,3300026194_19,1
1819,3300026194_22,1
1820,3300026194_28,1
1821,3300026195_27,1
1822,3300026195_29,1
1823,3300026195_31,1
1824,3300026198_19,0
1825,3300026250_24,1
1826,3300026250_46,0
1827,3300026252_41,0
1828,3300026255_26,0
1829,3300026255_30,0
1830,3300026255_34,1
1831,3300026290_34,1
1832,3300026290_52,1
1833,3300026290_55,1
1834,3300026290_73,0
1835,3300026311_37,1
1836,3300026311_69,0
1837,3300026311_71,0
1838,3300026311_87,0
1839,3300026311_99,0
1840,3300026338_1,1
1841,3300026338_2,0
1842,3300026363_3,1
1843,3300026522_29,0
1844,3300026522_42,0
1845,3300026522_45,0
1846,3300026522_47,0
1847,3300026522_63,0
1848,3300026522_67,0
1849,3300026522_72,0
1850,3300026522_73,0
1851,3300026549_121,0
1852,3300026549_34,1
1853,3300026549_43,0
1854,3300026549_53,1
1855,3300026549_57,0
1856,3300026549_65,0
1857,3300026549_66,1
1858,3300026549_68,0
1859,3300026549_76,0
1860,3300026549_79,0
1861,3300026549_80,1
1862,3300026549_81,0
1863,3300026549_98,0
1864,3300026620_1,0
1865,3300026703_6,0
1866,3300026777_1,1
1867,3300026778_2,1
1868,3300026875_2,0
1869,3300026967_6,1
1870,3300026975_12,0
1871,3300026977_8,0
1872,3300026978_5,0
1873,3300026988_5,1
1874,3300027015_8,1
1875,3300027021_4,0
1876,3300027043_6,1
1877,3300027051_11,0
1878,3300027111_4,1
1879,3300027276_17,1
1880,3300027276_20,1
1881,3300027276_27,1
1882,3300027276_33,0
1883,3300027276_41,1
1884,3300027276_43,1
1885,3300027276_45,1
1886,3300027276_56,0
1887,3300027276_61,0
1888,3300027282_14,1
1889,3300027283_12,1
1890,3300027283_29,1
1891,3300027283_31,1
1892,3300027283_39,1
1893,3300027312_16,1
1894,3300027316_3,1
1895,3300027316_7,1
1896,3300027316_9,1
1897,3300027317_5,1
1898,3300027319_11,1
1899,3300027319_3,1
1900,3300027322_3,1
1901,3300027322_6,1
1902,3300027340_1,1
1903,3300027342_7,1
1904,3300027343_5,1
1905,3300027343_7,1
1906,3300027343_9,1
1907,3300027344_1,1
1908,3300027344_6,1
1909,3300027344_9,1
1910,3300027346_3,1
1911,3300027346_6,1
1912,3300027348_1,1
1913,3300027350_5,1
1914,3300027351_5,1
1915,3300027351_7,1
1916,3300027353_4,1
1917,3300027354_5,1
1918,3300027356_1,1
1919,3300027510_10,1
1920,3300027510_13,1
1921,3300027510_14,1
1922,3300027510_16,1
1923,3300027510_19,1
1924,3300027510_24,1
1925,3300027510_25,1
1926,3300027510_28,1
1927,3300027510_33,1
1928,3300027510_50,1
1929,3300027510_51,1
1930,3300027510_53,1
1931,3300027510_57,1
1932,3300027510_58,1
1933,3300027510_60,1
1934,3300027510_7,1
1935,3300027518_23,0
1936,3300027536_44,0
1937,3300027539_1,1
1938,3300027561_4,0
1939,3300027592_47,0
1940,3300027592_51,0
1941,3300027606_17,1
1942,3300027640_28,1
1943,3300027690_23,1
1944,3300027711_43,1
1945,3300027711_48,1
1946,3300027711_76,0
1947,3300027719_22,0
1948,3300027719_52,1
1949,3300027719_57,0
1950,3300027773_30,0
1951,3300027784_104,0
1952,3300027784_32,1
1953,3300027784_36,1
1954,3300027784_45,0
1955,3300027784_57,0
1956,3300027784_58,0
1957,3300027784_69,0
1958,3300027784_97,0
1959,3300027796_37,1
1960,3300027796_41,0
1961,3300027800_28,0
1962,3300027863_125,1
1963,3300027863_213,1
1964,3300027864_112,0
1965,3300027864_118,0
1966,3300027864_14,1
1967,3300027864_27,1
1968,3300027864_28,0
1969,3300027864_36,1
1970,3300027864_39,1
1971,3300027864_40,1
1972,3300027864_46,1
1973,3300027904_50,1
1974,3300027905_81,1
1975,3300027965_41,0
1976,3300028008_4,1
1977,3300028024_8,1
1978,3300028024_9,1
1979,3300028048_109,1
1980,3300028048_116,0
1981,3300028048_43,1
1982,3300028048_54,0
1983,3300028048_88,0
1984,3300028048_89,0
1985,3300028162_13,0
1986,3300028168_16,0
1987,3300028168_17,0
1988,3300028298_19,0
1989,3300028327_19,0
1990,3300028561_41,0
1991,3300028561_52,0
1992,3300028564_42,0
1993,3300028564_54,1
1994,3300028567_49,0
1995,3300028567_53,0
1996,3300028568_30,1
1997,3300028568_52,0
1998,3300028568_57,1
1999,3300028568_63,1
2000,3300028580_12,0
2001,3300028580_19,0
2002,3300028580_24,1
2003,3300028582_20,0
2004,3300028582_27,0
2005,3300028582_33,0
2006,3300028591_52,0
2007,3300028591_57,1
2008,3300028591_58,0
2009,3300028591_61,0
2010,3300028601_57,1
2011,3300028601_78,0
2012,3300028602_107,0
2013,3300028602_59,1
2014,3300028602_68,1
2015,3300028602_70,1
2016,3300028602_75,0
2017,3300028603_105,0
2018,3300028603_59,1
2019,3300028603_78,1
2020,3300028603_81,1
2021,3300028625_9,0
2022,3300028631_25,1
2023,3300028640_17,0
2024,3300028905_7,1
2025,3300028911_12,1
2026,3300028911_9,0
2027,3300028912_3,0
2028,3300028912_5,0
2029,3300028949_4,0
2030,3300028952_6,0
2031,3300028955_3,1
2032,3300028957_8,0
2033,3300028958_6,0
2034,3300028963_3,1
2035,3300028963_5,0
2036,3300028965_6,1
2037,3300028966_10,1
2038,3300028966_5,1
2039,3300028966_7,1
2040,3300028966_9,1
2041,3300028968_10,1
2042,3300028968_15,0
2043,3300028968_7,1
2044,3300028969_5,1
2045,3300028969_6,0
2046,3300028970_7,1
2047,3300028971_10,1
2048,3300028971_13,1
2049,3300028971_7,1
2050,3300028972_4,1
2051,3300028979_5,0
2052,3300028983_3,1
2053,3300028983_5,0
2054,3300028984_4,0
2055,3300028987_5,1
2056,3300028988_6,0
2057,3300028990_10,1
2058,3300028990_4,1
2059,3300028990_8,1
2060,3300028992_5,1
2061,3300028994_2,0
2062,3300028997_10,1
2063,3300028997_5,0
2064,3300029000_12,0
2065,3300029000_4,0
2066,3300029000_6,1
2067,3300029005_11,0
2068,3300029005_5,1
2069,3300029006_12,0
2070,3300029006_4,0
2071,3300029007_12,0
2072,3300029007_6,1
2073,3300029007_7,1
2074,3300029007_9,0
2075,3300029008_6,1
2076,3300029009_6,0
2077,3300029011_3,1
2078,3300029013_11,1
2079,3300029013_13,1
2080,3300029015_11,1
2081,3300029015_13,1
2082,3300029016_5,1
2083,3300029017_9,1
2084,3300029018_6,1
2085,3300029018_9,0
2086,3300029019_6,1
2087,3300029019_7,1
2088,3300029019_8,1
2089,3300029020_12,1
2090,3300029020_17,0
2091,3300029020_19,1
2092,3300029020_8,1
2093,3300029021_14,1
2094,3300029021_6,1
2095,3300029022_4,1
2096,3300029023_14,0
2097,3300029024_7,1
2098,3300029025_2,1
2099,3300029025_6,0
2100,3300029025_7,1
2101,3300029026_6,1
2102,3300029026_7,1
2103,3300029027_12,0
2104,3300029028_12,0
2105,3300029028_9,1
2106,3300029030_7,1
2107,3300029031_12,0
2108,3300029031_13,1
2109,3300029031_6,1
2110,3300029031_8,1
2111,3300029032_11,1
2112,3300029032_15,0
2113,3300029033_21,1
2114,3300029033_8,1
2115,3300029034_10,1
2116,3300029034_5,1
2117,3300029035_8,1
2118,3300029036_13,1
2119,3300029036_5,1
2120,3300029036_9,1
2121,3300029037_10,0
2122,3300029039_16,1
2123,3300029039_8,1
2124,3300029040_11,1
2125,3300029040_9,1
2126,3300029041_11,0
2127,3300029042_10,1
2128,3300029042_14,1
2129,3300029042_17,0
2130,3300029042_18,0
2131,3300029043_10,1
2132,3300029043_15,0
2133,3300029044_12,1
2134,3300029044_13,1
2135,3300029046_18,1
2136,3300029046_20,0
2137,3300029048_18,1
2138,3300029048_6,1
2139,3300029048_8,1
2140,3300029049_12,1
2141,3300029049_13,0
2142,3300029049_18,1
2143,3300029049_6,1
2144,3300029050_10,1
2145,3300029050_12,1
2146,3300029050_16,0
2147,3300029052_9,0
2148,3300029053_11,0
2149,3300029054_20,0
2150,3300029055_14,1
2151,3300029056_15,1
2152,3300029056_16,1
2153,3300029056_17,1
2154,3300029057_12,1
2155,3300029057_7,1
2156,3300029058_12,1
2157,3300029058_18,1
2158,3300029059_14,1
2159,3300029059_19,1
2160,3300029059_23,1
2161,3300029059_5,1
2162,3300029060_11,1
2163,3300029060_13,0
2164,3300029060_14,1
2165,3300029060_23,0
2166,3300029060_9,1
2167,3300029065_2,0
2168,3300029066_4,0
2169,3300029069_4,1
2170,3300029070_4,1
2171,3300029070_5,1
2172,3300029070_7,0
2173,3300029071_2,1
2174,3300029073_4,1
2175,3300029074_7,1
2176,3300029075_5,0
2177,3300029080_10,1
2178,3300029081_4,1
2179,3300029083_5,1
2180,3300029084_6,1
2181,3300029087_2,1
2182,3300029087_7,1
2183,3300029089_11,1
2184,3300029089_8,1
2185,3300029089_9,1
2186,3300029091_6,1
2187,3300029091_8,1
2188,3300029092_13,1
2189,3300029092_14,1
2190,3300029092_15,1
2191,3300029093_5,0
2192,3300029095_13,1
2193,3300029095_14,1
2194,3300029095_17,1
2195,3300029095_6,1
2196,3300029096_11,1
2197,3300029096_8,1
2198,3300029097_4,1
2199,3300029098_15,1
2200,3300029098_17,1
2201,3300029098_20,1
2202,3300029099_14,1
2203,3300029099_16,1
2204,3300029099_24,0
2205,3300029099_9,1
2206,3300029100_7,1
2207,3300029101_17,0
2208,3300029101_19,0
2209,3300029102_9,1
2210,3300029103_18,0
2211,3300029103_8,1
2212,3300029104_12,1
2213,3300029104_14,1
2214,3300029104_19,1
2215,3300029105_14,1
2216,3300029105_17,1
2217,3300029105_8,1
2218,3300029106_9,1
2219,3300029108_15,0
2220,3300029108_17,1
2221,3300029108_6,1
2222,3300029110_4,0
2223,3300029111_11,1
2224,3300029111_18,1
2225,3300029111_19,1
2226,3300029111_20,1
2227,3300029112_12,1
2228,3300029112_16,1
2229,3300029112_23,0
2230,3300029113_11,1
2231,3300029113_14,0
2232,3300029113_16,1
2233,3300029114_11,1
2234,3300029114_13,0
2235,3300029114_16,1
2236,3300029114_19,1
2237,3300029114_23,1
2238,3300029115_10,1
2239,3300029115_16,1
2240,3300029115_21,0
2241,3300029115_23,0
2242,3300029115_24,0
2243,3300029116_13,1
2244,3300029116_20,1
2245,3300029116_21,1
2246,3300029116_23,1
2247,3300029117_16,1
2248,3300029117_17,0
2249,3300029117_22,1
2250,3300029117_23,1
2251,3300029118_11,1
2252,3300029118_17,0
2253,3300029118_18,1
2254,3300029118_19,1
2255,3300029118_23,1
2256,3300029119_20,1
2257,3300029119_21,1
2258,3300029119_25,1
2259,3300029119_26,1
2260,3300029119_29,1
2261,3300029120_13,1
2262,3300029120_21,0
2263,3300029120_25,1
2264,3300029120_9,1
2265,3300029121_13,1
2266,3300029121_18,0
2267,3300029121_9,0
2268,3300029122_16,1
2269,3300029122_17,1
2270,3300029122_21,1
2271,3300029122_22,1
2272,3300029122_28,0
2273,3300029123_16,1
2274,3300029123_17,1
2275,3300029123_24,1
2276,3300029123_27,1
2277,3300029124_10,1
2278,3300029124_13,1
2279,3300029124_19,1
2280,3300029124_21,1
2281,3300029124_23,0
2282,3300029125_12,1
2283,3300029125_20,1
2284,3300029125_4,1
2285,3300029125_9,1
2286,3300029126_11,1
2287,3300029126_13,0
2288,3300029126_14,1
2289,3300029126_15,1
2290,3300029127_11,1
2291,3300029127_15,1
2292,3300029127_18,1
2293,3300029127_20,0
2294,3300029127_23,1
2295,3300029127_24,1
2296,3300029127_27,1
2297,3300029127_30,1
2298,3300029127_5,1
2299,3300029128_10,1
2300,3300029128_15,0
2301,3300029128_22,1
2302,3300029128_28,1
2303,3300029129_10,1
2304,3300029129_13,1
2305,3300029129_14,1
2306,3300029129_19,1
2307,3300029130_14,1
2308,3300029130_20,1
2309,3300029130_23,1
2310,3300029130_25,1
2311,3300029130_35,0
2312,3300029131_21,1
2313,3300029131_23,1
2314,3300029131_26,0
2315,3300029131_28,1
2316,3300029132_11,1
2317,3300029132_14,0
2318,3300029132_18,1
2319,3300029132_4,1
2320,3300029133_12,1
2321,3300029134_10,0
2322,3300029134_17,1
2323,3300029135_15,1
2324,3300029135_18,1
2325,3300029135_20,1
2326,3300029135_25,1
2327,3300029136_20,1
2328,3300029136_23,1
2329,3300029136_30,1
2330,3300029136_31,1
2331,3300029137_11,0
2332,3300029137_15,1
2333,3300029137_6,0
2334,3300029138_5,1
2335,3300029138_9,0
2336,3300029176_5,0
2337,3300029177_5,1
2338,3300029180_5,0
2339,3300029184_8,0
2340,3300029185_16,1
2341,3300029185_18,1
2342,3300029185_20,0
2343,3300029186_13,1
2344,3300029186_14,0
2345,3300029186_17,0
2346,3300029186_9,1
2347,3300029187_11,1
2348,3300029187_12,0
2349,3300029188_11,1
2350,3300029190_10,1
2351,3300029190_13,1
2352,3300029190_4,1
2353,3300029191_7,1
2354,3300029192_13,1
2355,3300029193_6,1
2356,3300029193_9,1
2357,3300029194_10,1
2358,3300029194_11,1
2359,3300029194_13,1
2360,3300029195_17,0
2361,3300029196_11,1
2362,3300029196_14,0
2363,3300029196_15,1
2364,3300029197_18,0
2365,3300029197_9,1
2366,3300029198_12,1
2367,3300029198_18,0
2368,3300029203_13,1
2369,3300029203_7,1
2370,3300029204_13,1
2371,3300029204_17,1
2372,3300029204_21,1
2373,3300029204_23,1
2374,3300029204_25,1
2375,3300029204_8,1
2376,3300029206_14,0
2377,3300029206_16,1
2378,3300029207_10,1
2379,3300029207_12,1
2380,3300029207_13,0
2381,3300029207_8,1
2382,3300029208_22,0
2383,3300029208_7,1
2384,3300029209_12,1
2385,3300029209_16,1
2386,3300029209_7,1
2387,3300029209_8,1
2388,3300029210_15,1
2389,3300029211_10,1
2390,3300029211_13,1
2391,3300029211_16,1
2392,3300029211_22,1
2393,3300029211_5,1
2394,3300029212_17,1
2395,3300029212_7,0
2396,3300029213_14,1
2397,3300029213_7,1
2398,3300029214_14,1
2399,3300029214_15,1
2400,3300029214_17,1
2401,3300029214_25,1
2402,3300029214_28,0
2403,3300029215_13,1
2404,3300029215_18,0
2405,3300029215_19,1
2406,3300029215_22,1
2407,3300029215_23,1
2408,3300029217_12,0
2409,3300029217_30,0
2410,3300029217_6,1
2411,3300029217_7,1
2412,3300029217_8,1
2413,3300029218_11,1
2414,3300029218_13,1
2415,3300029218_8,1
2416,3300029219_21,0
2417,3300029219_22,1
2418,3300029221_13,1
2419,3300029221_9,0
2420,3300029227_13,1
2421,3300029227_18,0
2422,3300029227_22,0
2423,3300029228_14,1
2424,3300029228_9,0
2425,3300029229_15,1
2426,3300029229_17,1
2427,3300029229_21,1
2428,3300029229_23,0
2429,3300029229_24,1
2430,3300029230_16,0
2431,3300029230_19,1
2432,3300029230_22,1
2433,3300029230_23,1
2434,3300029230_24,1
2435,3300029232_11,1
2436,3300029232_12,1
2437,3300029232_13,1
2438,3300029232_15,1
2439,3300029232_20,1
2440,3300029232_6,1
2441,3300029233_9,0
2442,3300029234_10,1
2443,3300029234_17,1
2444,3300029234_24,1
2445,3300029234_8,1
2446,3300029235_10,1
2447,3300029235_11,1
2448,3300029235_21,1
2449,3300029235_9,1
2450,3300029236_11,1
2451,3300029236_19,1
2452,3300029236_25,1
2453,3300029237_15,0
2454,3300029237_20,1
2455,3300029237_32,0
2456,3300029237_8,1
2457,3300029237_9,1
2458,3300029238_12,1
2459,3300029238_16,1
2460,3300029238_17,1
2461,3300029238_20,1
2462,3300029238_22,0
2463,3300029238_30,0
2464,3300029238_9,1
2465,3300029240_12,1
2466,3300029240_19,0
2467,3300029240_20,0
2468,3300029240_27,1
2469,3300029240_3,1
2470,3300029241_11,1
2471,3300029241_23,1
2472,3300029241_24,1
2473,3300029243_14,1
2474,3300029243_15,1
2475,3300029243_18,1
2476,3300029243_31,0
2477,3300029244_10,1
2478,3300029244_11,1
2479,3300029244_9,1
2480,3300029245_18,1
2481,3300029245_22,0
2482,3300029245_26,1
2483,3300029245_35,1
2484,3300029245_36,1
2485,3300029245_37,1
2486,3300029246_11,1
2487,3300029246_20,1
2488,3300029246_29,1
2489,3300029247_14,1
2490,3300029247_16,0
2491,3300029247_19,1
2492,3300029248_17,1
2493,3300029248_22,1
2494,3300029249_13,1
2495,3300029249_15,1
2496,3300029249_17,1
2497,3300029249_18,1
2498,3300029249_21,1
2499,3300029249_28,0
2500,3300029249_6,1
2501,3300029249_7,1
2502,3300029250_19,1
2503,3300029250_23,1
2504,3300029250_27,1
2505,3300029253_13,1
2506,3300029253_20,1
2507,3300029253_23,1
2508,3300029253_27,0
2509,3300029254_10,1
2510,3300029254_18,1
2511,3300029254_23,1
2512,3300029254_24,0
2513,3300029254_8,1
2514,3300029256_12,1
2515,3300029256_13,1
2516,3300029256_18,1
2517,3300029257_14,1
2518,3300029257_9,1
2519,3300029292_20,1
2520,3300029292_22,1
2521,3300029297_3,1
2522,3300029303_17,1
2523,3300029303_24,1
2524,3300029303_25,1
2525,3300029310_13,0
2526,3300029310_18,1
2527,3300029311_27,1
2528,3300029313_13,1
2529,3300029313_7,1
2530,3300029315_10,1
2531,3300029315_12,0
2532,3300029315_15,1
2533,3300029315_22,1
2534,3300029316_12,1
2535,3300029320_12,1
2536,3300029324_12,1
2537,3300029324_13,1
2538,3300029325_11,1
2539,3300029325_19,1
2540,3300029325_20,0
2541,3300029326_11,1
2542,3300029326_9,1
2543,3300029328_12,0
2544,3300029329_21,1
2545,3300029329_22,1
2546,3300029329_7,1
2547,3300029330_20,1
2548,3300029331_13,1
2549,3300029331_17,1
2550,3300029331_21,1
2551,3300029331_39,0
2552,3300029332_13,1
2553,3300029332_17,1
2554,3300029332_24,1
2555,3300029334_13,1
2556,3300029334_19,1
2557,3300029334_21,1
2558,3300029334_25,1
2559,3300029335_23,0
2560,3300029335_24,1
2561,3300029335_27,1
2562,3300029336_20,1
2563,3300029336_21,1
2564,3300029336_25,1
2565,3300029336_26,0
2566,3300029336_30,1
2567,3300029336_31,1
2568,3300029336_33,1
2569,3300029338_15,1
2570,3300029338_20,1
2571,3300029339_23,1
2572,3300029339_28,1
2573,3300029339_33,1
2574,3300029339_34,0
2575,3300029340_24,0
2576,3300029340_28,1
2577,3300029340_31,1
2578,3300029340_32,0
2579,3300029340_33,1
2580,3300029340_9,1
2581,3300029341_12,1
2582,3300029341_16,1
2583,3300029341_19,1
2584,3300029341_21,1
2585,3300029341_25,1
2586,3300029341_28,1
2587,3300029341_29,1
2588,3300029342_13,1
2589,3300029342_25,1
2590,3300029342_26,1
2591,3300029342_32,1
2592,3300029342_35,1
2593,3300029342_37,1
2594,3300029343_17,1
2595,3300029343_19,1
2596,3300029343_29,0
2597,3300029343_34,1
2598,3300029343_35,1
2599,3300029343_37,1
2600,3300029346_20,1
2601,3300029346_22,1
2602,3300029346_24,1
2603,3300029346_25,0
2604,3300029348_14,1
2605,3300029350_10,1
2606,3300029350_11,0
2607,3300029351_11,1
2608,3300029351_12,1
2609,3300029351_5,1
2610,3300029352_15,1
2611,3300029353_11,1
2612,3300029353_12,1
2613,3300029353_8,1
2614,3300029355_18,1
2615,3300029355_24,1
2616,3300029355_8,1
2617,3300029356_10,1
2618,3300029356_16,0
2619,3300029356_25,1
2620,3300029356_9,1
2621,3300029357_11,1
2622,3300029357_14,1
2623,3300029357_24,1
2624,3300029357_29,1
2625,3300029358_12,1
2626,3300029358_22,0
2627,3300029358_23,1
2628,3300029359_16,1
2629,3300029359_17,1
2630,3300029359_28,1
2631,3300029360_21,1
2632,3300029360_22,1
2633,3300029360_24,1
2634,3300029360_32,1
2635,3300029360_35,1
2636,3300029360_37,0
2637,3300029361_14,1
2638,3300029361_16,1
2639,3300029361_17,0
2640,3300029361_21,1
2641,3300029361_24,1
2642,3300029361_25,1
2643,3300029361_27,0
2644,3300029362_18,1
2645,3300029362_31,1
2646,3300029362_32,1
2647,3300029363_10,1
2648,3300029363_11,1
2649,3300029363_19,1
2650,3300029363_20,0
2651,3300029364_13,0
2652,3300029364_16,1
2653,3300029364_17,0
2654,3300029365_22,1
2655,3300029365_24,0
2656,3300029365_25,0
2657,3300029365_29,1
2658,3300029365_44,0
2659,3300029366_4,1
2660,3300029366_6,1
2661,3300029367_10,0
2662,3300029367_12,0
2663,3300029367_6,1
2664,3300029369_12,1
2665,3300029369_17,1
2666,3300029370_13,1
2667,3300029370_15,0
2668,3300029370_18,1
2669,3300029370_8,1
2670,3300029371_12,1
2671,3300029371_13,1
2672,3300029372_13,1
2673,3300029372_14,1
2674,3300029372_23,1
2675,3300029372_9,1
2676,3300029373_10,1
2677,3300029373_12,1
2678,3300029373_22,1
2679,3300029374_12,1
2680,3300029374_14,1
2681,3300029374_28,0
2682,3300029375_19,0
2683,3300029375_22,1
2684,3300029375_26,0
2685,3300029375_27,1
2686,3300029375_33,1
2687,3300029376_15,1
2688,3300029376_23,1
2689,3300029377_20,0
2690,3300029377_30,1
2691,3300029377_34,1
2692,3300029377_36,0
2693,3300029378_18,1
2694,3300029379_14,1
2695,3300029379_17,0
2696,3300029379_18,0
2697,3300029379_26,0
2698,3300029379_32,1
2699,3300029379_39,1
2700,3300029380_22,0
2701,3300029380_28,1
2702,3300029380_29,1
2703,3300029380_37,1
2704,3300029380_42,1
2705,3300029381_13,1
2706,3300029381_17,1
2707,3300029381_24,0
2708,3300029381_30,1
2709,3300029381_31,0
2710,3300029381_35,1
2711,3300029381_38,1
2712,3300029381_41,1
2713,3300029381_42,1
2714,3300029382_10,1
2715,3300029382_22,0
2716,3300029382_28,1
2717,3300029382_33,1
2718,3300029382_36,1
2719,3300029383_7,1
2720,3300029384_13,1
2721,3300029384_16,1
2722,3300029384_9,1
2723,3300029385_12,1
2724,3300029385_15,1
2725,3300029385_21,1
2726,3300029385_23,1
2727,3300029385_26,1
2728,3300029385_27,0
2729,3300029386_15,1
2730,3300029386_16,0
2731,3300029386_17,1
2732,3300029386_22,1
2733,3300029386_23,0
2734,3300029386_25,1
2735,3300029387_13,1
2736,3300029387_14,1
2737,3300029387_16,1
2738,3300029387_17,0
2739,3300029387_18,1
2740,3300029387_24,1
2741,3300029387_26,0
2742,3300029388_15,1
2743,3300029388_16,0
2744,3300029388_27,1
2745,3300029388_28,1
2746,3300029388_8,0
2747,3300029389_14,1
2748,3300029389_17,1
2749,3300029390_17,0
2750,3300029390_20,0
2751,3300029391_14,1
2752,3300029391_15,1
2753,3300029391_16,0
2754,3300029391_17,1
2755,3300029391_25,1
2756,3300029391_27,1
2757,3300029392_20,0
2758,3300029392_21,0
2759,3300029392_32,0
2760,3300029393_14,1
2761,3300029393_15,1
2762,3300029393_17,1
2763,3300029393_18,0
2764,3300029393_19,1
2765,3300029393_20,1
2766,3300029393_23,1
2767,3300029393_24,1
2768,3300029393_25,0
2769,3300029394_12,1
2770,3300029394_15,1
2771,3300029394_16,1
2772,3300029394_18,0
2773,3300029394_23,1
2774,3300029394_26,0
2775,3300029394_27,1
2776,3300029394_28,1
2777,3300029394_39,0
2778,3300029395_5,1
2779,3300029396_10,1
2780,3300029396_12,1
2781,3300029396_6,1
2782,3300029396_9,1
2783,3300029398_8,1
2784,3300029399_18,0
2785,3300029399_9,1
2786,3300029400_9,1
2787,3300029402_12,1
2788,3300029402_13,0
2789,3300029403_11,1
2790,3300029404_13,1
2791,3300029404_14,1
2792,3300029404_18,1
2793,3300029404_23,1
2794,3300029405_11,1
2795,3300029405_14,1
2796,3300029405_19,1
2797,3300029405_8,1
2798,3300029406_10,1
2799,3300029406_19,1
2800,3300029406_3,1
2801,3300029406_5,1
2802,3300029407_11,1
2803,3300029407_13,1
2804,3300029407_16,1
2805,3300029408_11,1
2806,3300029408_14,0
2807,3300029408_18,1
2808,3300029409_13,1
2809,3300029409_9,0
2810,3300029410_15,0
2811,3300029410_19,0
2812,3300029410_24,0
2813,3300029410_26,1
2814,3300029411_11,1
2815,3300029411_16,1
2816,3300029412_12,1
2817,3300029413_12,1
2818,3300029413_9,0
2819,3300029414_14,1
2820,3300029414_16,1
2821,3300029414_18,1
2822,3300029414_21,1
2823,3300029414_8,1
2824,3300029415_11,1
2825,3300029415_12,1
2826,3300029415_19,0
2827,3300029416_13,1
2828,3300029416_19,1
2829,3300029416_24,1
2830,3300029417_18,1
2831,3300029417_19,0
2832,3300029418_13,0
2833,3300029418_15,1
2834,3300029419_13,1
2835,3300029419_16,0
2836,3300029419_25,1
2837,3300029420_10,1
2838,3300029420_12,1
2839,3300029420_21,0
2840,3300029421_11,1
2841,3300029421_21,1
2842,3300029422_18,1
2843,3300029422_23,1
2844,3300029423_14,1
2845,3300029423_6,1
2846,3300029424_23,1
2847,3300029425_14,0
2848,3300029425_17,1
2849,3300029426_11,1
2850,3300029426_14,1
2851,3300029426_17,1
2852,3300029426_21,1
2853,3300029426_24,1
2854,3300029426_28,0
2855,3300029426_32,0
2856,3300029427_22,1
2857,3300029428_12,1
2858,3300029428_14,1
2859,3300029428_24,1
2860,3300029428_26,1
2861,3300029428_27,1
2862,3300029428_29,0
2863,3300029430_14,1
2864,3300029430_19,1
2865,3300029431_13,0
2866,3300029432_12,1
2867,3300029432_21,1
2868,3300029432_22,0
2869,3300029432_23,1
2870,3300029432_25,1
2871,3300029432_26,1
2872,3300029432_27,1
2873,3300029432_28,1
2874,3300029432_30,1
2875,3300029432_32,1
2876,3300029432_36,1
2877,3300029433_13,0
2878,3300029433_16,1
2879,3300029433_19,1
2880,3300029434_22,1
2881,3300029434_26,1
2882,3300029434_27,1
2883,3300029434_33,1
2884,3300029434_35,1
2885,3300029434_36,1
2886,3300029434_39,1
2887,3300029435_14,1
2888,3300029435_17,1
2889,3300029435_20,0
2890,3300029435_22,1
2891,3300029435_29,1
2892,3300029436_19,0
2893,3300029436_20,0
2894,3300029436_29,1
2895,3300029436_32,1
2896,3300029437_20,0
2897,3300029437_29,1
2898,3300029437_32,1
2899,3300029438_12,1
2900,3300029438_17,1
2901,3300029438_23,1
2902,3300029439_12,1
2903,3300029439_14,1
2904,3300029439_16,1
2905,3300029439_24,0
2906,3300029439_28,0
2907,3300029439_32,1
2908,3300029441_12,1
2909,3300029441_18,1
2910,3300029441_21,1
2911,3300029441_25,1
2912,3300029441_26,0
2913,3300029441_31,0
2914,3300029441_32,1
2915,3300029441_42,0
2916,3300029443_13,1
2917,3300029443_15,1
2918,3300029443_23,1
2919,3300029443_31,1
2920,3300029444_12,1
2921,3300029444_18,0
2922,3300029444_21,1
2923,3300029444_24,1
2924,3300029444_26,1
2925,3300029444_31,1
2926,3300029445_20,1
2927,3300029445_34,1
2928,3300029447_21,1
2929,3300029447_22,0
2930,3300029447_29,0
2931,3300029450_6,1
2932,3300029450_8,1
2933,3300029451_7,1
2934,3300029452_6,1
2935,3300029452_7,0
2936,3300029453_4,1
2937,3300029453_9,1
2938,3300029455_13,0
2939,3300029455_7,1
2940,3300029456_13,0
2941,3300029456_14,0
2942,3300029457_10,1
2943,3300029457_14,1
2944,3300029457_8,1
2945,3300029458_15,1
2946,3300029459_10,1
2947,3300029459_11,0
2948,3300029459_8,1
2949,3300029460_12,1
2950,3300029461_10,0
2951,3300029462_14,1
2952,3300029462_18,0
2953,3300029462_8,1
2954,3300029462_9,1
2955,3300029463_11,1
2956,3300029463_9,1
2957,3300029464_11,1
2958,3300029464_14,1
2959,3300029464_15,0
2960,3300029465_14,1
2961,3300029465_16,1
2962,3300029466_10,1
2963,3300029466_21,1
2964,3300029466_23,1
2965,3300029467_10,1
2966,3300029467_12,1
2967,3300029467_16,0
2968,3300029467_19,0
2969,3300029468_10,0
2970,3300029468_7,1
2971,3300029469_12,1
2972,3300029469_13,1
2973,3300029469_15,0
2974,3300029469_16,1
2975,3300029469_17,1
2976,3300029469_9,1
2977,3300029470_10,1
2978,3300029471_19,1
2979,3300029471_20,1
2980,3300029471_24,0
2981,3300029472_11,1
2982,3300029472_14,1
2983,3300029472_20,1
2984,3300029473_12,1
2985,3300029473_16,1
2986,3300029474_12,1
2987,3300029474_18,1
2988,3300029474_20,1
2989,3300029475_10,0
2990,3300029475_13,1
2991,3300029475_16,0
2992,3300029476_13,1
2993,3300029477_12,1
2994,3300029477_14,1
2995,3300029477_20,0
2996,3300029478_16,1
2997,3300029478_22,0
2998,3300029480_11,0
2999,3300029480_15,1
3000,3300029480_16,1
3001,3300029481_11,1
3002,3300029481_16,1
3003,3300029482_13,1
3004,3300029482_19,1
3005,3300029482_21,1
3006,3300029484_10,0
3007,3300029484_27,0
3008,3300029485_11,1
3009,3300029486_15,1
3010,3300029486_16,1
3011,3300029486_19,1
3012,3300029486_22,0
3013,3300029486_23,1
3014,3300029486_27,1
3015,3300029486_29,1
3016,3300029487_12,1
3017,3300029487_8,1
3018,3300029488_16,1
3019,3300029488_17,1
3020,3300029488_19,1
3021,3300029488_23,1
3022,3300029488_25,1
3023,3300029488_26,0
3024,3300029488_28,1
3025,3300029489_13,1
3026,3300029489_14,1
3027,3300029489_18,1
3028,3300029490_18,1
3029,3300029490_25,1
3030,3300029490_27,1
3031,3300029490_28,1
3032,3300029490_32,1
3033,3300029490_33,0
3034,3300029491_10,1
3035,3300029491_15,1
3036,3300029491_18,1
3037,3300029491_21,0
3038,3300029491_22,1
3039,3300029492_11,1
3040,3300029492_14,1
3041,3300029492_17,0
3042,3300029492_18,1
3043,3300029492_22,1
3044,3300029492_25,1
3045,3300029493_16,1
3046,3300029493_18,1
3047,3300029493_19,1
3048,3300029493_25,1
3049,3300029493_28,1
3050,3300029493_32,1
3051,3300029494_14,1
3052,3300029494_17,1
3053,3300029494_18,1
3054,3300029494_28,1
3055,3300029494_31,1
3056,3300029494_34,1
3057,3300029494_37,0
3058,3300029495_17,1
3059,3300029495_20,1
3060,3300029496_12,1
3061,3300029496_18,1
3062,3300029496_20,1
3063,3300029497_11,1
3064,3300029497_12,1
3065,3300029497_16,1
3066,3300029497_5,1
3067,3300029498_10,0
3068,3300029499_6,1
3069,3300029499_8,1
3070,3300029501_13,1
3071,3300029501_6,1
3072,3300029501_9,0
3073,3300029502_13,1
3074,3300029502_14,1
3075,3300029503_14,1
3076,3300029503_18,1
3077,3300029503_7,1
3078,3300029504_6,1
3079,3300029507_10,1
3080,3300029508_15,1
3081,3300029508_18,1
3082,3300029509_5,1
3083,3300029509_6,1
3084,3300029509_9,1
3085,3300029510_10,1
3086,3300029510_4,0
3087,3300029511_15,1
3088,3300029511_16,1
3089,3300029511_17,1
3090,3300029511_9,1
3091,3300029512_11,1
3092,3300029512_16,1
3093,3300029512_20,0
3094,3300029512_8,1
3095,3300029513_11,1
3096,3300029513_16,1
3097,3300029513_23,1
3098,3300029514_11,0
3099,3300029514_14,0
3100,3300029514_20,1
3101,3300029514_21,1
3102,3300029515_13,0
3103,3300029515_21,0
3104,3300029516_14,1
3105,3300029516_15,1
3106,3300029518_10,1
3107,3300029518_12,1
3108,3300029518_13,1
3109,3300029518_23,0
3110,3300029519_10,1
3111,3300029519_15,1
3112,3300029519_18,1
3113,3300029519_19,1
3114,3300029519_20,1
3115,3300029520_13,0
3116,3300029520_17,0
3117,3300029521_15,1
3118,3300029521_19,0
3119,3300029522_13,1
3120,3300029522_15,1
3121,3300029522_26,1
3122,3300029523_20,0
3123,3300029523_23,1
3124,3300029523_3,1
3125,3300029523_30,1
3126,3300029523_31,1
3127,3300029524_20,1
3128,3300029524_24,1
3129,3300029524_3,1
3130,3300029524_4,1
3131,3300029526_5,0
3132,3300029527_15,1
3133,3300029528_4,1
3134,3300029530_13,1
3135,3300029530_18,0
3136,3300029530_7,1
3137,3300029532_10,1
3138,3300029532_12,1
3139,3300029532_14,0
3140,3300029532_15,1
3141,3300029533_10,0
3142,3300029533_12,0
3143,3300029533_13,1
3144,3300029533_8,0
3145,3300029533_9,1
3146,3300029534_11,0
3147,3300029534_6,1
3148,3300029535_12,1
3149,3300029535_14,1
3150,3300029536_10,1
3151,3300029536_11,1
3152,3300029536_15,1
3153,3300029536_21,0
3154,3300029538_12,1
3155,3300029538_13,0
3156,3300029538_20,1
3157,3300029538_8,1
3158,3300029539_12,1
3159,3300029539_17,1
3160,3300029539_19,1
3161,3300029540_15,1
3162,3300029541_12,1
3163,3300029541_21,1
3164,3300029542_11,1
3165,3300029542_20,0
3166,3300029542_22,0
3167,3300029542_9,1
3168,3300029543_14,1
3169,3300029543_17,1
3170,3300029544_10,1
3171,3300029545_10,0
3172,3300029545_8,0
3173,3300029546_10,1
3174,3300029546_11,1
3175,3300029546_14,1
3176,3300029547_10,1
3177,3300029547_8,1
3178,3300029548_20,1
3179,3300029548_23,1
3180,3300029548_25,1
3181,3300029549_11,1
3182,3300029549_13,1
3183,3300029549_25,0
3184,3300029549_28,1
3185,3300029549_29,1
3186,3300029550_8,1
3187,3300029550_9,1
3188,3300029551_14,0
3189,3300029551_20,0
3190,3300029552_12,1
3191,3300029552_13,1
3192,3300029552_8,1
3193,3300029553_13,1
3194,3300029553_14,1
3195,3300029553_18,1
3196,3300029554_20,1
3197,3300029554_24,0
3198,3300029555_15,1
3199,3300029556_15,1
3200,3300029556_19,1
3201,3300029556_29,1
3202,3300029556_6,1
3203,3300029557_13,1
3204,3300029557_16,1
3205,3300029557_22,1
3206,3300029558_14,1
3207,3300029559_16,1
3208,3300029559_21,1
3209,3300029559_25,1
3210,3300029559_27,1
3211,3300029559_28,1
3212,3300029559_34,0
3213,3300029559_35,0
3214,3300029560_21,0
3215,3300029561_24,1
3216,3300029562_17,1
3217,3300029562_18,1
3218,3300029562_20,1
3219,3300029562_21,0
3220,3300029562_30,1
3221,3300029562_8,1
3222,3300029563_12,1
3223,3300029563_18,0
3224,3300029563_25,0
3225,3300029563_8,1
3226,3300029563_9,1
3227,3300029564_15,1
3228,3300029564_22,1
3229,3300029565_14,1
3230,3300029565_16,1
3231,3300029565_18,0
3232,3300029565_23,0
3233,3300029566_16,1
3234,3300029566_24,1
3235,3300029566_26,1
3236,3300029566_27,1
3237,3300029567_15,0
3238,3300029567_19,1
3239,3300029567_27,1
3240,3300029567_30,1
3241,3300029567_34,1
3242,3300029567_36,0
3243,3300029570_18,1
3244,3300029570_20,1
3245,3300029570_21,1
3246,3300029570_23,1
3247,3300029571_13,1
3248,3300029571_14,1
3249,3300029571_25,1
3250,3300029571_27,1
3251,3300029572_12,1
3252,3300029572_20,1
3253,3300029572_21,1
3254,3300029572_23,1
3255,3300029572_25,1
3256,3300029572_26,1
3257,3300029572_30,1
3258,3300029573_10,1
3259,3300029573_17,1
3260,3300029573_21,1
3261,3300029573_22,0
3262,3300029573_23,1
3263,3300029573_24,1
3264,3300029573_9,1
3265,3300029574_18,1
3266,3300029574_22,1
3267,3300029575_12,1
3268,3300029575_21,1
3269,3300029575_23,1
3270,3300029575_24,1
3271,3300029576_15,1
3272,3300029576_17,1
3273,3300029576_18,1
3274,3300029576_22,1
3275,3300029577_18,1
3276,3300029577_26,1
3277,3300029577_30,1
3278,3300029577_33,1
3279,3300029578_20,1
3280,3300029578_26,1
3281,3300029578_28,0
3282,3300029579_22,1
3283,3300029579_25,1
3284,3300029579_34,1
3285,3300029580_17,1
3286,3300029580_19,1
3287,3300029580_26,1
3288,3300029581_14,1
3289,3300029581_18,0
3290,3300029581_21,1
3291,3300029582_10,1
3292,3300029582_12,1
3293,3300029582_15,1
3294,3300029582_17,1
3295,3300029582_20,1
3296,3300029582_21,1
3297,3300029583_12,1
3298,3300029583_21,0
3299,3300029583_24,1
3300,3300029583_31,1
3301,3300029583_33,1
3302,3300029584_15,1
3303,3300029584_22,1
3304,3300029584_26,1
3305,3300029586_12,0
3306,3300029586_19,1
3307,3300029587_10,1
3308,3300029587_21,0
3309,3300029587_25,1
3310,3300029587_28,1
3311,3300029587_29,1
3312,3300029587_36,1
3313,3300029587_39,1
3314,3300029587_43,1
3315,3300029588_23,1
3316,3300029588_28,1
3317,3300029589_17,1
3318,3300029589_18,1
3319,3300029589_21,1
3320,3300029589_27,1
3321,3300029589_29,1
3322,3300029589_31,1
3323,3300029589_37,1
3324,3300029589_38,1
3325,3300029589_40,1
3326,3300029589_41,1
3327,3300029589_43,1
3328,3300029590_23,1
3329,3300029590_34,1
3330,3300029590_36,1
3331,3300029590_39,1
3332,3300029592_9,1
3333,3300029593_14,1
3334,3300029593_17,1
3335,3300029593_24,1
3336,3300029593_25,1
3337,3300029594_15,1
3338,3300029594_19,1
3339,3300029594_31,1
3340,3300029594_32,1
3341,3300029595_15,1
3342,3300029595_20,1
3343,3300029595_28,1
3344,3300029595_31,1
3345,3300029595_33,1
3346,3300029595_34,1
3347,3300029603_10,1
3348,3300029603_16,0
3349,3300029603_21,1
3350,3300029604_10,1
3351,3300029604_14,1
3352,3300029604_23,1
3353,3300029605_16,1
3354,3300029605_20,1
3355,3300029606_12,0
3356,3300029606_14,1
3357,3300029606_18,1
3358,3300029606_6,1
3359,3300029607_15,1
3360,3300029607_17,1
3361,3300029607_30,1
3362,3300029608_17,1
3363,3300029608_19,1
3364,3300029608_26,1
3365,3300029608_30,0
3366,3300029608_7,1
3367,3300029609_13,1
3368,3300029609_18,1
3369,3300029609_26,1
3370,3300029609_29,0
3371,3300029609_32,0
3372,3300029610_15,1
3373,3300029610_21,0
3374,3300029610_23,1
3375,3300029610_36,1
3376,3300029610_37,1
3377,3300029611_12,1
3378,3300029611_14,1
3379,3300029612_15,1
3380,3300029612_24,1
3381,3300029612_26,1
3382,3300029612_33,0
3383,3300029613_14,1
3384,3300029613_16,1
3385,3300029613_22,1
3386,3300029613_27,1
3387,3300029613_31,1
3388,3300029613_35,1
3389,3300029613_37,0
3390,3300029613_38,1
3391,3300029614_13,1
3392,3300029614_15,1
3393,3300029614_9,1
3394,3300029615_16,1
3395,3300029615_18,1
3396,3300029615_21,1
3397,3300029615_28,0
3398,3300029616_19,1
3399,3300029616_26,1
3400,3300029616_27,1
3401,3300029617_12,1
3402,3300029617_18,1
3403,3300029617_19,1
3404,3300029617_20,1
3405,3300029617_25,0
3406,3300029617_32,1
3407,3300029618_13,1
3408,3300029618_24,1
3409,3300029618_35,1
3410,3300029619_15,1
3411,3300029619_21,0
3412,3300029619_24,1
3413,3300029619_27,1
3414,3300029619_37,0
3415,3300029620_12,1
3416,3300029620_13,1
3417,3300029620_17,1
3418,3300029620_28,1
3419,3300029620_34,1
3420,3300029620_35,1
3421,3300029621_14,1
3422,3300029621_38,1
3423,3300029621_39,1
3424,3300029621_51,0
3425,3300029621_9,1
3426,3300029622_21,1
3427,3300029622_24,0
3428,3300029622_31,1
3429,3300029622_35,1
3430,3300029622_45,1
3431,3300029623_19,1
3432,3300029623_21,1
3433,3300029623_22,1
3434,3300029623_25,1
3435,3300029623_26,1
3436,3300029623_31,1
3437,3300029623_35,1
3438,3300029623_36,0
3439,3300029623_44,1
3440,3300029623_49,0
3441,3300029633_11,1
3442,3300029633_8,1
3443,3300029634_11,1
3444,3300029634_5,1
3445,3300029643_8,1
3446,3300029647_10,1
3447,3300029647_15,1
3448,3300029647_7,0
3449,3300029647_8,0
3450,3300029653_12,1
3451,3300029656_14,1
3452,3300029656_17,1
3453,3300029656_18,0
3454,3300029656_22,0
3455,3300029656_8,1
3456,3300029661_13,1
3457,3300029661_23,1
3458,3300029661_9,1
3459,3300029664_12,0
3460,3300029664_19,0
3461,3300029664_8,1
3462,3300029665_13,1
3463,3300029668_13,1
3464,3300029668_15,1
3465,3300029668_7,1
3466,3300029668_9,1
3467,3300029669_10,1
3468,3300029669_11,0
3469,3300029669_12,0
3470,3300029669_15,1
3471,3300029671_10,1
3472,3300029671_11,1
3473,3300029671_12,1
3474,3300029671_15,1
3475,3300029671_16,1
3476,3300029671_17,1
3477,3300029672_13,0
3478,3300029672_7,1
3479,3300029675_10,1
3480,3300029675_11,1
3481,3300029676_13,1
3482,3300029676_15,1
3483,3300029676_17,1
3484,3300029676_19,0
3485,3300029678_11,1
3486,3300029678_13,1
3487,3300029678_17,0
3488,3300029678_29,0
3489,3300029679_14,0
3490,3300029679_5,1
3491,3300029681_11,1
3492,3300029681_13,1
3493,3300029681_8,1
3494,3300029681_9,1
3495,3300029682_11,1
3496,3300029682_4,1
3497,3300029684_11,1
3498,3300029684_13,1
3499,3300029684_18,1
3500,3300029684_23,1
3501,3300029684_27,1
3502,3300029686_22,1
3503,3300029686_24,1
3504,3300029686_28,0
3505,3300029688_18,1
3506,3300029690_18,1
3507,3300029692_15,1
3508,3300029694_19,1
3509,3300029696_18,1
3510,3300029696_19,1
3511,3300029696_23,1
3512,3300029696_26,1
3513,3300029696_34,0
3514,3300029698_13,1
3515,3300029698_18,1
3516,3300029698_21,1
3517,3300029698_24,1
3518,3300029698_9,1
3519,3300029700_15,1
3520,3300029700_22,1
3521,3300029700_23,1
3522,3300029702_13,1
3523,3300029702_15,1
3524,3300029702_25,1
3525,3300029702_34,0
3526,3300029703_12,1
3527,3300029703_20,1
3528,3300029704_16,1
3529,3300029704_18,1
3530,3300029704_19,1
3531,3300029704_21,1
3532,3300029704_23,1
3533,3300029706_12,1
3534,3300029706_15,1
3535,3300029706_16,1
3536,3300029706_20,1
3537,3300029706_21,1
3538,3300029706_24,0
3539,3300029707_13,1
3540,3300029707_18,1
3541,3300029707_21,1
3542,3300029707_22,1
3543,3300029707_26,1
3544,3300029707_37,1
3545,3300029708_16,1
3546,3300029708_20,1
3547,3300029708_25,1
3548,3300029708_30,0
3549,3300029709_20,1
3550,3300029709_22,1
3551,3300029709_24,1
3552,3300029709_29,1
3553,3300029709_31,1
3554,3300029709_32,1
3555,3300029710_13,1
3556,3300029710_17,1
3557,3300029710_18,1
3558,3300029710_26,1
3559,3300029710_27,1
3560,3300029710_29,1
3561,3300029711_10,1
3562,3300029711_25,1
3563,3300029711_31,1
3564,3300029711_33,1
3565,3300029711_35,1
3566,3300029712_16,1
3567,3300029712_17,1
3568,3300029712_19,1
3569,3300029712_28,1
3570,3300029712_38,1
3571,3300029713_13,1
3572,3300029713_16,1
3573,3300029713_21,1
3574,3300029713_26,1
3575,3300029713_34,1
3576,3300029713_37,1
3577,3300029714_20,1
3578,3300029714_26,1
3579,3300029714_31,1
3580,3300029714_34,1
3581,3300029714_35,0
3582,3300029714_9,1
3583,3300029715_24,1
3584,3300029715_33,1
3585,3300029715_40,1
3586,3300029715_43,1
3587,3300029715_45,0
3588,3300029715_47,0
3589,3300029716_13,1
3590,3300029716_16,1
3591,3300029716_19,1
3592,3300029716_31,1
3593,3300029716_33,1
3594,3300029716_34,1
3595,3300029716_35,0
3596,3300029716_37,1
3597,3300029716_40,1
3598,3300029717_15,1
3599,3300029717_16,1
3600,3300029717_23,1
3601,3300029717_25,1
3602,3300029717_26,1
3603,3300029717_30,1
3604,3300029717_34,1
3605,3300029718_14,1
3606,3300029719_27,1
3607,3300029719_29,1
3608,3300029719_41,1
3609,3300029719_45,0
3610,3300029720_27,1
3611,3300029720_28,1
3612,3300029720_31,1
3613,3300029720_35,1
3614,3300029720_36,1
3615,3300029720_37,0
3616,3300029720_41,1
3617,3300029720_44,1
3618,3300029721_5,1
3619,3300029722_15,1
3620,3300029722_17,1
3621,3300029722_19,1
3622,3300029722_6,1
3623,3300029723_15,1
3624,3300029724_10,1
3625,3300029724_18,1
3626,3300029724_3,1
3627,3300029725_20,1
3628,3300029726_12,1
3629,3300029726_6,1
3630,3300029726_9,1
3631,3300029727_11,1
3632,3300029727_17,1
3633,3300029728_12,1
3634,3300029728_13,1
3635,3300029728_19,1
3636,3300029728_22,1
3637,3300029728_25,1
3638,3300029729_26,1
3639,3300029730_13,1
3640,3300029730_14,0
3641,3300029730_19,1
3642,3300029730_24,1
3643,3300029731_12,1
3644,3300029731_14,0
3645,3300029731_20,1
3646,3300029731_6,1
3647,3300029732_10,1
3648,3300029732_11,1
3649,3300029732_18,1
3650,3300029732_23,1
3651,3300029733_16,1
3652,3300029733_19,1
3653,3300029733_25,0
3654,3300029734_18,1
3655,3300029734_22,0
3656,3300029734_23,1
3657,3300029735_17,1
3658,3300029735_21,1
3659,3300029735_25,1
3660,3300029735_27,1
3661,3300029735_31,0
3662,3300029736_4,1
3663,3300029737_10,1
3664,3300029737_20,1
3665,3300029737_26,1
3666,3300029737_27,1
3667,3300029737_30,1
3668,3300029738_11,1
3669,3300029738_14,1
3670,3300029738_18,1
3671,3300029739_15,0
3672,3300029739_21,1
3673,3300029739_4,1
3674,3300029740_19,1
3675,3300029741_10,1
3676,3300029741_23,1
3677,3300029741_32,1
3678,3300029741_33,1
3679,3300029742_12,1
3680,3300029742_18,1
3681,3300029742_22,1
3682,3300029742_28,1
3683,3300029742_32,1
3684,3300029743_15,1
3685,3300029743_16,1
3686,3300029743_21,1
3687,3300029743_26,1
3688,3300029743_30,1
3689,3300029744_16,1
3690,3300029745_16,1
3691,3300029745_18,1
3692,3300029745_19,1
3693,3300029745_22,1
3694,3300029745_28,1
3695,3300029746_14,1
3696,3300029746_19,1
3697,3300029746_22,1
3698,3300029746_25,1
3699,3300029747_16,1
3700,3300029747_28,1
3701,3300029748_12,1
3702,3300029748_17,1
3703,3300029748_19,1
3704,3300029748_20,1
3705,3300029748_24,1
3706,3300029748_25,1
3707,3300029748_27,1
3708,3300029749_32,1
3709,3300029749_37,1
3710,3300029749_39,1
3711,3300029750_11,1
3712,3300029750_12,0
3713,3300029750_3,1
3714,3300029752_12,0
3715,3300029754_13,1
3716,3300029754_20,1
3717,3300029754_23,0
3718,3300029755_12,1
3719,3300029756_11,1
3720,3300029756_13,0
3721,3300029756_22,1
3722,3300029758_16,1
3723,3300029758_23,1
3724,3300029759_13,1
3725,3300029759_23,1
3726,3300029759_24,1
3727,3300029759_9,1
3728,3300029760_14,1
3729,3300029760_19,1
3730,3300029760_20,1
3731,3300029760_7,1
3732,3300029761_14,1
3733,3300029762_10,1
3734,3300029763_16,0
3735,3300029763_20,1
3736,3300029763_21,1
3737,3300029763_24,1
3738,3300029764_10,1
3739,3300029764_12,1
3740,3300029765_11,1
3741,3300029765_12,1
3742,3300029765_14,1
3743,3300029765_18,1
3744,3300029765_21,1
3745,3300029765_24,1
3746,3300029765_25,1
3747,3300029765_30,0
3748,3300029765_6,1
3749,3300029766_18,0
3750,3300029766_23,1
3751,3300029766_5,1
3752,3300029767_10,1
3753,3300029767_19,1
3754,3300029767_21,0
3755,3300029767_23,1
3756,3300029767_25,1
3757,3300029767_26,1
3758,3300029767_27,1
3759,3300029768_14,1
3760,3300029768_18,1
3761,3300029768_34,0
3762,3300029769_10,1
3763,3300029769_15,0
3764,3300029769_20,1
3765,3300029769_23,0
3766,3300029769_9,1
3767,3300029770_19,0
3768,3300029770_24,1
3769,3300029770_28,1
3770,3300029770_29,1
3771,3300029770_32,1
3772,3300029770_34,1
3773,3300029771_10,1
3774,3300029771_14,1
3775,3300029771_15,1
3776,3300029771_17,0
3777,3300029771_19,1
3778,3300029772_13,1
3779,3300029772_22,1
3780,3300029773_13,0
3781,3300029773_15,1
3782,3300029773_16,1
3783,3300029774_10,1
3784,3300029774_11,1
3785,3300029774_15,0
3786,3300029774_17,0
3787,3300029775_17,1
3788,3300029776_12,0
3789,3300029776_20,0
3790,3300029776_22,1
3791,3300029776_28,0
3792,3300029777_15,0
3793,3300029777_20,1
3794,3300029778_16,0
3795,3300029778_20,1
3796,3300029778_21,1
3797,3300029779_10,0
3798,3300029779_11,0
3799,3300029779_25,1
3800,3300029779_9,1
3801,3300029780_12,0
3802,3300029780_22,1
3803,3300029782_14,1
3804,3300029782_15,1
3805,3300029782_21,1
3806,3300029782_23,1
3807,3300029782_30,1
3808,3300029782_36,1
3809,3300029782_37,1
3810,3300029783_16,1
3811,3300029783_25,1
3812,3300029784_13,1
3813,3300029784_16,1
3814,3300029784_25,1
3815,3300029785_14,1
3816,3300029785_20,0
3817,3300029786_18,1
3818,3300029788_17,1
3819,3300029788_19,1
3820,3300029788_20,1
3821,3300029788_22,1
3822,3300029788_24,1
3823,3300029788_25,1
3824,3300029788_28,1
3825,3300029788_33,1
3826,3300029788_35,1
3827,3300029788_40,0
3828,3300029789_18,1
3829,3300029789_21,1
3830,3300029789_22,1
3831,3300029789_23,0
3832,3300029790_17,1
3833,3300029790_20,1
3834,3300029790_23,1
3835,3300029790_25,1
3836,3300029790_29,1
3837,3300029790_32,1
3838,3300029790_33,1
3839,3300029791_12,1
3840,3300029791_13,1
3841,3300029791_16,1
3842,3300029791_23,1
3843,3300029791_26,1
3844,3300029791_35,0
3845,3300029793_12,1
3846,3300029793_20,1
3847,3300029793_26,1
3848,3300029794_19,1
3849,3300029794_25,1
3850,3300029794_27,1
3851,3300029794_32,1
3852,3300029795_17,1
3853,3300029795_20,1
3854,3300029795_21,1
3855,3300029795_23,0
3856,3300029795_26,1
3857,3300029795_27,1
3858,3300029795_30,1
3859,3300029795_33,1
3860,3300029795_37,1
3861,3300029796_24,0
3862,3300029796_27,1
3863,3300029796_28,0
3864,3300029796_31,0
3865,3300029796_33,1
3866,3300029797_14,0
3867,3300029814_8,1
3868,3300029815_20,1
3869,3300029815_24,1
3870,3300029815_27,1
3871,3300029815_33,1
3872,3300029816_13,1
3873,3300029816_17,0
3874,3300029816_9,1
3875,3300029819_14,1
3876,3300029819_15,1
3877,3300029819_19,1
3878,3300029819_23,0
3879,3300029820_15,1
3880,3300029820_20,1
3881,3300029820_23,0
3882,3300029821_40,0
3883,3300029822_21,1
3884,3300029822_26,1
3885,3300029822_29,1
3886,3300029823_11,1
3887,3300029823_15,1
3888,3300029823_17,1
3889,3300029823_19,1
3890,3300029823_21,0
3891,3300029823_22,1
3892,3300029825_15,1
3893,3300029825_26,0
3894,3300029825_27,0
3895,3300029825_32,1
3896,3300029825_35,0
3897,3300029828_17,1
3898,3300029828_22,0
3899,3300029828_31,0
3900,3300029830_12,1
3901,3300029830_20,1
3902,3300029830_23,1
3903,3300029830_24,1
3904,3300029830_30,1
3905,3300029839_10,1
3906,3300029839_12,1
3907,3300029839_17,1
3908,3300029839_8,1
3909,3300029840_12,1
3910,3300029840_17,1
3911,3300029840_31,1
3912,3300029841_11,1
3913,3300029842_10,1
3914,3300029842_12,1
3915,3300029842_17,1
3916,3300029842_23,1
3917,3300029842_26,1
3918,3300029842_27,1
3919,3300029842_28,1
3920,3300029842_31,1
3921,3300029842_40,0
3922,3300029843_11,1
3923,3300029843_17,1
3924,3300029844_14,1
3925,3300029844_15,1
3926,3300029844_26,1
3927,3300029844_27,1
3928,3300029844_31,0
3929,3300029845_22,1
3930,3300029845_27,1
3931,3300029845_30,1
3932,3300029845_34,1
3933,3300029845_37,1
3934,3300029846_18,1
3935,3300029846_19,1
3936,3300029846_21,1
3937,3300029847_13,1
3938,3300029847_18,1
3939,3300029847_19,1
3940,3300029847_20,0
3941,3300029847_23,1
3942,3300029847_31,1
3943,3300029848_18,1
3944,3300029848_22,1
3945,3300029848_24,1
3946,3300029849_11,1
3947,3300029850_10,1
3948,3300029850_13,1
3949,3300029850_21,1
3950,3300029851_10,1
3951,3300029851_11,1
3952,3300029851_20,1
3953,3300029851_29,1
3954,3300029852_14,1
3955,3300029852_19,1
3956,3300029852_22,1
3957,3300029852_26,1
3958,3300029852_28,0
3959,3300029853_14,1
3960,3300029853_15,1
3961,3300029853_21,0
3962,3300029853_24,1
3963,3300029853_33,1
3964,3300029855_11,1
3965,3300029855_23,1
3966,3300029855_35,0
3967,3300029856_10,1
3968,3300029856_11,1
3969,3300029856_17,1
3970,3300029856_20,1
3971,3300029856_22,1
3972,3300029857_22,1
3973,3300029857_23,1
3974,3300029857_27,1
3975,3300029857_35,1
3976,3300029857_36,1
3977,3300029857_40,0
3978,3300029857_41,1
3979,3300029857_44,1
3980,3300029858_39,0
3981,3300029859_15,1
3982,3300029859_20,1
3983,3300029859_24,1
3984,3300029859_29,0
3985,3300029859_8,1
3986,3300029860_18,1
3987,3300029860_20,1
3988,3300029860_28,1
3989,3300029860_7,1
3990,3300029861_12,1
3991,3300029861_14,1
3992,3300029861_15,1
3993,3300029861_17,1
3994,3300029861_18,1
3995,3300029861_21,1
3996,3300029862_26,1
3997,3300029870_10,1
3998,3300029870_18,1
3999,3300029870_19,1
4000,3300029871_23,1
4001,3300029871_24,1
4002,3300029871_25,1
4003,3300029871_28,0
4004,3300029871_30,1
4005,3300029871_31,1
4006,3300029872_11,1
4007,3300029872_12,1
4008,3300029872_18,1
4009,3300029872_22,1
4010,3300029873_15,1
4011,3300029873_16,1
4012,3300029873_23,1
4013,3300029873_29,1
4014,3300029873_31,1
4015,3300029873_33,1
4016,3300029873_34,1
4017,3300029873_35,1
4018,3300029873_36,0
4019,3300029873_5,1
4020,3300029874_12,1
4021,3300029874_19,1
4022,3300029874_29,1
4023,3300029874_32,0
4024,3300029875_13,1
4025,3300029875_15,1
4026,3300029875_19,1
4027,3300029875_25,1
4028,3300029875_26,1
4029,3300029875_27,1
4030,3300029876_12,1
4031,3300029876_16,1
4032,3300029876_17,1
4033,3300029876_19,1
4034,3300029876_21,1
4035,3300029876_23,1
4036,3300029876_29,1
4037,3300029876_37,0
4038,3300029878_14,1
4039,3300029880_13,1
4040,3300029880_17,1
4041,3300029880_18,1
4042,3300029880_19,1
4043,3300029880_23,1
4044,3300029881_11,1
4045,3300029881_29,1
4046,3300029884_10,1
4047,3300029884_15,1
4048,3300029884_17,1
4049,3300029884_19,1
4050,3300029885_18,1
4051,3300029885_21,0
4052,3300029885_24,1
4053,3300029885_25,1
4054,3300029885_27,0
4055,3300029885_29,1
4056,3300029885_30,0
4057,3300029886_18,0
4058,3300029887_22,1
4059,3300029887_23,1
4060,3300029887_32,0
4061,3300029887_9,1
4062,3300029888_11,1
4063,3300029888_13,1
4064,3300029888_14,1
4065,3300029888_15,1
4066,3300029888_17,0
4067,3300029888_7,1
4068,3300029888_8,1
4069,3300029890_9,0
4070,3300029904_17,1
4071,3300029904_21,1
4072,3300029906_28,1
4073,3300029906_30,1
4074,3300029928_6,1
4075,3300029934_9,1
4076,3300029947_14,0
